har_0_d1,har_1_d1,har_2_d1,har_3_d1,har_4_d1,har_5_d1,har_6_d1,har_7_d1,har_8_d1,har_9_d1,har_10_d1,har_11_d1,har_12_d1,har_13_d1,har_14_d1,har_15_d1,har_16_d1,har_17_d1,har_18_d1,har_19_d1,har_20_d1,har_21_d1,har_22_d1,har_23_d1,har_24_d1,har_25_d1,har_26_d1,har_27_d1,har_28_d1,har_29_d1,har_30_d1,har_31_d1,har_32_d1,har_33_d1,har_34_d1,har_35_d1,har_36_d1,har_37_d1,har_38_d1,har_39_d1,har_40_d1,har_41_d1,har_42_d1,har_43_d1,har_44_d1,har_45_d1,har_46_d1,har_47_d1,har_48_d1,har_49_d1,har_50_d1,har_51_d1,label
0.0001735790189428578,256.8672599831312,0.9302983759570032,1842.6203371148804,0.11625533026864093,191.8957333566006,7113.614088476388,8.35985279492059,13.004861635275855,0.00013131273077242827,5.064836943662895,-0.22711637303735915,0.9819766406802394,9.70352534544135e-05,870.4723393045317,0.7637322057959888,1842.13075302361,0.04837249102365487,191.97989111345277,6498.050672789919,8.304264205657429,13.728574904681157,6.093588461437652e-05,5.943680495987676,-0.12838932798902852,0.920839379992878,0.0001080873283670477,677.7318473193468,0.8160103934777527,1841.7666631550092,0.056525441827814875,191.89554195804206,6689.334805300663,8.324905187626857,13.589240794354293,7.117886034544711e-05,5.766038171387628,-0.1472913536794857,0.9406147254556395,9.779220682551012e-05,832.8124048706246,0.7739613185127905,1842.1900167510757,0.048251864688909976,191.98199859501227,6535.947662133709,8.30746810503278,13.710065830057484,6.238937382115093e-05,5.911709173370143,-0.13091729286865414,0.9238407296175353,0
0.0002446255159671451,204.27532228360948,0.9457904619753094,1884.1271271355918,0.1396089633075473,158.54561552627854,7332.233186258742,8.326502531740886,12.696149774626225,0.00016521591789864904,4.892288424305095,-0.2566918800143795,0.988037938021615,0.0001311259380800394,733.2211014079484,0.8056266803075565,1886.1156010714421,0.060952792286006724,158.30461593298872,6811.241302877803,8.286085002370907,13.451005382112786,7.409739309768509e-05,5.818056825940156,-0.15289334071073107,0.9445247467241377,0.00015252246124391404,584.6792981212342,0.8452242787309266,1888.795262355081,0.07570589101408687,158.46958525345627,6970.501751299082,8.300116243750395,13.292360086702624,8.779886656024378e-05,5.647571329876222,-0.17490154963533758,0.9600700413399648,0.00013386516625739736,708.5680983781854,0.8121612162829047,1886.1070231517224,0.06508396610374252,158.30383175904467,6835.8599942287,8.285890232300908,13.427048753374951,7.659796525109525e-05,5.790603790866006,-0.15618548204099353,0.9471945742003315,0
0.00016100166743607914,295.2543150535279,0.9308435121155232,2134.682689111907,0.10968045528455829,185.3472252567184,8243.476441394094,8.430197465220967,13.15509088899677,0.00012081507976027257,5.15881370781338,-0.22264856499197427,0.9813074406817233,9.420238188902956e-05,915.7515171485845,0.7860099665781897,2139.706000567492,0.04778848122020396,185.53035670154054,7643.072485121396,8.379701371385796,13.807652507392703,5.8851703080947455e-05,5.97777924022555,-0.13497980021383008,0.9297746253525967,0.00010520208128041598,728.9863387978137,0.8297218799608633,2140.5754850660014,0.057361730212164896,185.59480874316932,7833.315601466173,8.399809084900937,13.679553181104318,6.780905240517279e-05,5.8166502867262935,-0.15233006937763152,0.9461447798085357,9.351997995828714e-05,918.7667298239832,0.7853036770391499,2139.689020178339,0.04537167327884661,185.52967020896838,7639.989350889395,8.377892050586732,13.812331649773084,5.8398805051136776e-05,5.980339865183901,-0.1343455819861065,0.9290865936315934,0
0.00026930400525196905,189.1433102304651,0.9562874202987823,2163.488308437767,0.16462983262622874,168.02888261006063,8464.809923520621,8.436411111540515,12.790077550981884,0.0001790654495439919,4.764934757617756,-0.2703870446253723,0.9907896505865237,0.00012980494518851103,588.2663032945736,0.8640301416574832,2163.2231969113827,0.07433818170094747,168.01107073643414,8064.626484350938,8.416945324691135,13.64637796827059,8.203785091687922e-05,5.649951944358019,-0.15455549069014146,0.9477886734181421,0.0001642770409419356,447.1456346649476,0.8969230230219404,2168.9888846862823,0.09308923021667587,167.69842139175256,8228.809904080164,8.428178648746847,13.430174901746298,9.938457845094941e-05,5.445528239110941,-0.184079201945897,0.9665976299239604,0.00013255263366000714,575.8125322997417,0.8669085749387365,2163.2217554011722,0.07824806344070595,168.01109496124033,8077.074489304938,8.417836851223822,13.626852563400963,8.38908674545538e-05,5.631047773815265,-0.15719633539014324,0.9498414226157476,0
0.00018991145825827043,217.6576872201872,0.9435155583592245,1926.7047783212256,0.12599314287040542,183.16597985347985,7489.161426064726,8.377111334092113,12.917234226918657,0.00013987374079121062,4.9476580037676925,-0.2410857618485877,0.9854013346114374,0.00010427889454526751,762.368017188458,0.8022452418588242,1927.559226272091,0.05414800077357,183.39635768365042,6947.868887899909,8.329349865276825,13.663814898977709,6.517913856372838e-05,5.8482002519106295,-0.1396225204358317,0.933481720076794,0.00011905688483273553,608.2930468212943,0.8420960843327361,1926.149342943092,0.0670495470339822,183.41492476512968,7096.304324951074,8.346462014364217,13.519891897815336,7.605599877146036e-05,5.681937571789083,-0.159156335321966,0.950506026476264,0.0001053309082376498,749.9088653570689,0.8054790617440202,1927.5787791292623,0.05418618627179003,183.39694597912825,6960.4062511599695,8.32876358491657,13.661090431960163,6.561011232056904e-05,5.837342926480476,-0.13999854120120994,0.933861481219055,0
0.00018988693267232837,248.79723589040395,0.9378718399085341,2002.2903907352866,0.12437123152519453,190.20795353714607,7760.3643270507455,8.405379994951938,12.989562764372689,0.0001340795258232417,5.032417719764956,-0.23828670408690764,0.9849971503773549,9.585176615412502e-05,889.4432359307364,0.7780121770977361,2003.3604192837138,0.048881728933292026,190.03273809523813,7123.998441204116,8.351789769521858,13.78302262192379,5.967187647032947e-05,5.957674341004487,-0.13055215660905425,0.9241934711261457,0.00010640111462823396,715.4370689655161,0.8216541496255947,2005.7575420554767,0.055060367607965094,189.99795258620694,7307.593099256366,8.373018534717062,13.650859596759032,6.880668222229786e-05,5.802302995878636,-0.14866909787039287,0.9425260711058913,9.701205292723639e-05,878.0670725108229,0.7808240520158437,2003.1100140930903,0.049771093499209884,190.03011363636367,7134.37298386154,8.353518760258677,13.768525388546616,6.021910389961922e-05,5.948910188530203,-0.13250775194571743,0.9264330347288805,0
0.00018219836999469754,248.16255234297145,0.9378298530107504,1995.8337269646636,0.12712109826210344,186.37706879361917,7735.1723555157005,8.42043287244277,13.045763653155454,0.00013555387039711954,5.029271026978897,-0.23348712779944295,0.9839769301518898,9.237922258171282e-05,854.8813759903713,0.7855143983140683,1992.8642511914622,0.050390323950145824,186.31709958880754,7116.57562877547,8.368931547267586,13.836785945935837,6.159854199834435e-05,5.929081988869857,-0.12619525100268675,0.9191885253108434,0.00010302307411233508,689.2110387014237,0.8271677476489747,1993.872756172892,0.058844530519668745,186.4352110986726,7286.279985990142,8.388104829087055,13.702492716364691,7.065578520649423e-05,5.775041996490879,-0.14450288060730357,0.9389712386316557,9.264093833203511e-05,855.5544077825689,0.7853338701585607,1992.7559331658686,0.05065833388312631,186.31509377193862,7115.469324880898,8.369516094787986,13.832938353919992,6.163629106021624e-05,5.930145182235275,-0.12670956827948796,0.9198261218489379,0
0.00020663011630020088,214.26282224139788,0.9344348058774938,1633.967725627952,0.13192894493505034,171.24186980908212,6321.608080270398,8.264422530633599,12.861307987456204,0.0001514223447706815,4.931693662152432,-0.22293067355153984,0.9799582814620406,0.00010885940723508769,721.3667767610584,0.7794733968565793,1635.5549998925035,0.057123579180055006,171.25867670149984,5820.85322280895,8.211412654022201,13.654025518595198,7.04601719140952e-05,5.809437928754566,-0.1136077831212956,0.8982844629449531,0.00012795898060207131,573.8568036800714,0.8248913506670864,1638.5735538085119,0.07025596013438845,171.34394096777237,5980.437411553998,8.23281491966551,13.48016427094209,8.303327115529741e-05,5.636836547471553,-0.13788166622013295,0.9296032418704506,0.00010850458505816182,715.317762196112,0.7813232519269947,1635.5597211398563,0.056849498494341275,171.2562807948454,5826.921122363303,8.211189937798409,13.651775459220168,7.044532734397694e-05,5.805193206428586,-0.11391826472694666,0.8987662723583394,0
0.00019208155002579797,222.84069688481472,0.9424927861070085,1937.5021132085512,0.13211075667553357,176.10255920550037,7527.1677559494165,8.391960427726389,12.944511678257749,0.00014994005947249438,4.9573832180816915,-0.23958095355668949,0.9851388867669438,0.00010247750891254199,744.6520709806755,0.8077624032665833,1936.8013428021613,0.054550784613806545,176.05598686174977,7002.553300227959,8.350442371884501,13.70391099429839,6.97175940126644e-05,5.831832730336512,-0.13626505106354303,0.9301563086862109,0.00011740885797214689,586.1074060701317,0.8487192206437705,1937.1509340588245,0.06660649290875312,176.18250748677863,7162.496330165159,8.366941882049368,13.550301008658273,8.164521996933647e-05,5.659037421066009,-0.1572599998889025,0.9492174098857459,0.00010334090453353997,729.1261783901366,0.8117702166581133,1936.798113043049,0.05673192600921736,176.05438723712837,7018.066273782053,8.351097416946088,13.695101998680682,7.077423165148524e-05,5.816932359977212,-0.13746091406328384,0.9314185439716983,0
0.00019743186770759921,243.81970666250587,0.9403446734218533,2043.5702949601991,0.12829840652678043,176.14757892546945,7930.461473178268,8.407226246806388,12.964812950767506,0.0001353018716174858,5.01785441070057,-0.24142574434676578,0.9856743763370771,0.0001023213563009075,795.9150210551102,0.8053451266776903,2044.4261360393102,0.05400394435753646,176.0020662778228,7381.78952310215,8.36091253730289,13.709565135723619,6.313723615952011e-05,5.881025681866843,-0.1402807500048376,0.934662507682002,0.00011466990558497742,632.5304119148051,0.8451196318394755,2041.9967340832554,0.06201998151465185,175.9825287715461,7535.456524418205,8.379586970387987,13.566608925616634,7.323896426163082e-05,5.715896258381113,-0.15951448819552058,0.951202493866825,0.00010329791727169049,796.808699291189,0.8051274447205407,2044.4353956064097,0.05418528746100347,176.0014385478513,7380.932883134457,8.36298242462447,13.704902222173933,6.308338764661039e-05,5.881934000893992,-0.14091317769709444,0.9352898806789524,0
0.00020105343840619804,211.86271060148195,0.9434249045298301,1872.4025902279227,0.13388113699305496,170.652833547212,7277.747650310204,8.370799787196603,12.880292051500852,0.00014773423793806346,4.927363337061124,-0.2432269534593625,0.9857726089931581,0.00010542997999236705,748.3190781262996,0.8006076970316651,1876.4994109254794,0.05904693604415395,170.65575339046512,6757.678565575588,8.331398235299098,13.673227934285658,6.858712431131432e-05,5.834578674386755,-0.13534954931159907,0.9287730275484142,0.00012162743367855847,603.5410331828162,0.8392731330404893,1877.5362346073962,0.07153727193543122,170.75914495215216,6906.603905246775,8.346238439064006,13.515491072157062,8.016225021708109e-05,5.673855445513695,-0.1569770778259863,0.9486697836765913,0.00010750759705209641,738.5394167568013,0.8032097763641894,1876.4636858271342,0.058574883085543886,170.65702221482655,6767.315326551714,8.33317580366278,13.653968296370335,6.94389253401598e-05,5.82367822370026,-0.13797400177780475,0.9315612117460431,0
0.00016074784262099187,274.54693633725867,0.936436677970392,2159.6333197418844,0.11848865190527225,191.18522785458268,8363.986342630298,8.46886465730242,13.163313794598778,0.00012614806065728323,5.103302133341106,-0.22984379761048215,0.9834803095333519,8.672496437864624e-05,892.9638812628684,0.7932536677769207,2159.5640214292926,0.04848565004837324,191.19118908716547,7745.292204454272,8.419932572243388,13.895748038842719,5.960329412735467e-05,5.958721889934546,-0.13136840232823316,0.9264258949736542,9.716759230412527e-05,704.723938306417,0.8367725887752391,2158.7181130258705,0.05772429855478994,191.27695889942754,7930.148513797067,8.439052233390367,13.754191524866037,6.92024154231767e-05,5.790530353993223,-0.15038472679912945,0.9450811655815222,8.699039850161024e-05,881.3252402196288,0.7959491634442709,2159.5727199552985,0.04838742773063895,191.189258750858,7756.965639601527,8.42078863131957,13.894828448560709,5.98088819410737e-05,5.950948591021433,-0.1314915068254037,0.9265657667793735,0
0.00018556245171361889,230.7728954114548,0.9342487967733505,1754.8948466841975,0.12587648200823992,189.00629699086417,6788.806491325333,8.343534989481341,12.959249678827083,0.0001461029371847649,4.986383902787089,-0.2277351482526655,0.9819497419924532,9.544953317715632e-05,795.1889733840305,0.77323449026763,1753.3287454571382,0.05154619301491133,188.9680262703077,6218.126008444502,8.290545602493893,13.768937413779692,6.657141617885698e-05,5.880258140075065,-0.11683529787455599,0.9049108036726387,0.00011234074284353687,637.25888429752,0.8183884836829152,1754.4561523975553,0.0653597351234612,188.86704545454543,6380.565725292712,8.308478565904554,13.597055723162828,7.816530432149104e-05,5.71570117423742,-0.14039319292749666,0.9336258907737416,9.58354606139566e-05,789.3986864846181,0.7749033296250075,1753.465933479907,0.05105812564920298,188.97231247839613,6224.465047435027,8.29070703958536,13.765822816927585,6.694094128367417e-05,5.8749926944315405,-0.11727571657215412,0.9055543930329237,0
0.00022575716244476487,203.29536037649,0.93202198840194,1495.302345547605,0.13594810693372011,176.46493426773753,5777.914021813918,8.226974883881294,12.704212077205128,0.00015830090166939597,4.890737638241798,-0.23487384150726678,0.9828450102894971,0.00011085070166173399,724.8317297797898,0.7565170877617645,1488.4652954014737,0.052970453069585234,176.18442580777938,5229.029451826093,8.165509807582596,13.534106409649159,6.98976492151019e-05,5.81474826716232,-0.11871600971913178,0.9048707674145627,0.00012310831946737714,591.1061366663251,0.8015274878399192,1489.138546776613,0.062137433224154374,176.2461837926442,5365.448050440147,8.184271706826255,13.407139185942054,8.009287219336928e-05,5.6676263532462725,-0.13648774968744665,0.927197410280363,0.00011121667661095144,726.0493928791929,0.7561013004092014,1488.4240754406,0.05400848892680865,176.1840913768265,5227.646908883191,8.166314015578921,13.53058868610755,7.010892232195885e-05,5.816042007111348,-0.11920493960360086,0.9055724120437996,0
0.0001960652822860367,231.76485485031873,0.9305781191815404,1669.2493210923012,0.12404367025754462,172.0634180150881,6445.232429518892,8.287644373529137,12.868246196336763,0.00013631642876885304,4.991246135505612,-0.22833448896473568,0.9817009695312608,0.00010698925829818028,752.5204667381975,0.7747365205320036,1670.311735651554,0.05379818400509361,172.09605686695284,5928.726475868003,8.235527857879962,13.595818502580585,6.473428143890147e-05,5.840896056821259,-0.12832451751263685,0.9192357814345877,0.00012048372838136445,594.9495726495716,0.8223490031166245,1674.4898229874398,0.06358889435056846,172.25170940170935,6103.009719300175,8.259302353950588,13.460705762751475,7.532048780653203e-05,5.6734717996466495,-0.14730317779245242,0.939360622390108,0.00010728750299323833,744.1538358369102,0.7772637513053068,1670.4821065226124,0.05388556373735808,172.09857832618027,5937.774590253524,8.23637324204302,13.590422167812854,6.543836437160116e-05,5.833425396877101,-0.1290807904669184,0.9201577146150319,0
0.00017449343406829233,257.1759316197272,0.9297369126277398,1830.0927360136338,0.11542083680946996,184.23232074775547,7063.19501243483,8.355132070402878,12.98998224018979,0.00012698199402407415,5.067623402228608,-0.2287287348359563,0.9823877486888543,9.73482739131264e-05,858.2129205838689,0.7658075448514985,1832.2813176019572,0.04899000957923244,184.3721857991094,6470.912349823957,8.295789795665113,13.710368991308735,5.9446833270423446e-05,5.934022356749491,-0.13073835593336408,0.9236210392897193,0.00011119448213286944,678.3020794881259,0.815100785894315,1834.248140991056,0.06110233609020637,184.47871293220135,6658.690484476087,8.320575811868313,13.556019519507457,6.978505550130673e-05,5.763895640153351,-0.15196814405938036,0.9446780314889311,9.90463145691183e-05,840.4654255319143,0.770659819923447,1832.3553797929453,0.05061995415357519,184.37543295398325,6488.956093639848,8.300324067245343,13.689560841897883,6.0836182053957235e-05,5.919655125802615,-0.13358318923571696,0.9268668756641235,0
0.00018163806784368209,263.1115845070421,0.940994889564258,2229.5660711760447,0.11923899641031371,187.25799295774647,8655.15270019714,8.451621417158517,13.020466082696911,0.00012803127150336002,5.076074298026398,-0.2455693839024497,0.9868525402044336,0.00010231439565414505,864.4270212765964,0.8054236377298796,2221.305330183335,0.05056108056564975,186.9648936170213,8020.794299456764,8.403903178642928,13.69868333125292,6.052249040973463e-05,5.936752340701277,-0.15354703389301722,0.9473871173630811,0.00011518125679654556,680.6235842066268,0.8466470690641108,2219.141101682495,0.06156987574613842,186.98652129423803,8195.940822523356,8.424683494111413,13.553608688772584,7.079283675452351e-05,5.763224271035588,-0.17295506775094469,0.9608138770719934,0.00010226661133746069,845.4457092198588,0.8096931460028808,2221.2697321786472,0.051836117441871526,186.9672695035461,8039.633219494739,8.404522424765538,13.691476813308045,6.112516813909937e-05,5.921158874901623,-0.15451291751290122,0.9481558806584315,0
0.00015086348380702935,308.86387979194785,0.9364230869773387,2429.0569100284356,0.10446859361967942,202.3960701213639,9407.363760321801,8.530187007642585,13.189486252607278,0.00011716541899086365,5.187983736654365,-0.24118702739366832,0.9864819408136384,9.129635963142723e-05,984.5926831160771,0.7974994577479988,2431.0865347974905,0.04706659944152255,202.4776148355058,8739.7534560739,8.486761092520805,13.810983767663043,5.651232267525024e-05,6.024997211192536,-0.15839441418508735,0.9523937088325679,0.00010129845155082919,770.2666280864195,0.8414763892009477,2429.5012717784157,0.054705219005446185,202.57835648148148,8947.738459027249,8.503471796535475,13.684484818982938,6.608975513227455e-05,5.849332897711447,-0.17520953371465645,0.9632069049063624,9.1074355542145e-05,968.0247517070145,0.8009244725134176,2431.300230442057,0.046725032844989106,202.48347299813776,8757.17617006119,8.485568345082523,13.811303094167705,5.666709056842463e-05,6.015030854247142,-0.15836509444058808,0.9523730801059157,0
0.00021920424924604353,207.736127112135,0.9357480050279973,1616.5733624508975,0.13556203276565282,178.91415450588835,6258.557322691446,8.246063965468931,12.797828837945762,0.00016081679926104844,4.900856616390006,-0.22785229594781012,0.9812140961164105,0.00011739505872629524,657.3457093720374,0.7961494794183988,1612.3228616158694,0.060924942909120344,178.80961795007798,5791.9457370914315,8.194995241922076,13.559424386929212,7.683403480823206e-05,5.74216766257852,-0.12199580012285961,0.9100762251122269,0.00013719910383667319,524.192552850737,0.8376748590497846,1614.6376025988775,0.07336863534086273,178.99754964766183,5934.357857544761,8.216061499500125,13.390919810696452,9.000546112611673e-05,5.572160633717067,-0.14567703540226906,0.9370339631437963,0.00011310813221372752,674.2491119790419,0.7908992761018093,1612.259152931816,0.0570892880894456,178.80982689618594,5774.787499748232,8.192661272328216,13.587429321943045,7.4658989644353e-05,5.762345608649188,-0.11811430876036133,0.9046193682434217,0
0.00031114042396190335,183.6048887998396,0.9341254180497817,1393.594337635347,0.15895324087415574,163.3636259552909,5390.772461741541,8.131571780877223,12.506675015644632,0.0001993513627109231,4.767907775021665,-0.24181326791584817,0.983840720946296,0.00013806897450727233,596.3565533701405,0.785518411119094,1390.2278430557508,0.06782537517707653,163.23448642742125,4964.554818852866,8.079195447761327,13.387546714084802,8.566414216868939e-05,5.668227381542117,-0.11764043015206681,0.9013219310211892,0.00015774131585106978,478.5383700263727,0.8280730809508765,1391.6912275082877,0.07706780403244015,163.28295206971683,5088.2265400067445,8.102583461030852,13.228613240386373,9.985006431656019e-05,5.505557442295341,-0.14016601579396942,0.9294313217155828,0.00013744023814921634,608.636717851392,0.7811039126224638,1390.2411987877858,0.06589385712540485,163.23388256268692,4952.328077299757,8.078710783176689,13.391973415675416,8.425911255330555e-05,5.683717454453455,-0.11701872783602167,0.900397039811855,0
0.00024739077657655545,208.3528272101035,0.9259339160969775,1406.5333026309027,0.13907245498351456,168.40621412169918,5417.780383313511,8.153562732263108,12.679134885447532,0.000170521936525579,4.898559289276047,-0.2216999395779239,0.9785876707601538,0.00012875787251289295,648.4085189992072,0.7691387609547138,1404.325216482146,0.06011357717150603,168.24059052563268,4968.892346929384,8.0976270556583,13.439128674838551,8.057034415228663e-05,5.731479027198752,-0.1147913393868677,0.8974215064299277,0.0001521426608310932,508.88337553651905,0.818957305064271,1405.423664614501,0.07327135350271852,168.34371352118245,5112.811282921495,8.120984655602504,13.257833098471608,9.530338147116963e-05,5.551666377005995,-0.14039590109220879,0.9300096420796932,0.00012772605751059057,650.0115365202973,0.7685738910916036,1404.3608553639588,0.0601153049758983,168.23959910591964,4967.431884935548,8.097879955373587,13.444926825379545,7.970449745195378e-05,5.736028302199398,-0.11398156326442957,0.8961617164237857,0
0.00029042390349053406,160.50311844077953,0.944463900702098,1445.0341351831566,0.1559996607585044,149.27751124437782,5619.633422291852,8.169716948678065,12.45042518952151,0.00020482729181901246,4.725333002170528,-0.2540559998453804,0.986563516366838,0.00014776544522625905,543.447131642512,0.8119887568774475,1445.251684465131,0.06776754963110973,149.08384661835748,5237.559606218019,8.13026742976014,13.225683912423653,9.495898330783959e-05,5.607735214461417,-0.14514937238451958,0.9347751607415501,0.00016505155037051472,440.87539081289077,0.8474832863897419,1445.3346796453425,0.07859133746260794,149.170664983165,5340.463327768466,8.143223026583167,13.094410931528753,0.00010835279652969831,5.4581025729511,-0.16359304855805723,0.9502600762744665,0.00014679774834301787,553.5989734299516,0.8084653089759366,1445.1663311488792,0.06646673340797388,149.08520531400967,5227.066351165577,8.127108535498097,13.24313965987632,9.338502047051543e-05,5.621425099588606,-0.14270007482297983,0.9323726304038049,0
0.00017603249117888978,273.7180515644957,0.9307429675332116,1976.1029444609794,0.121015359823649,187.34105603448276,7630.693726279424,8.411748009357513,13.103174454631977,0.00012759751376089094,5.0975053454700845,-0.2249986010736188,0.9817922856603447,9.200533475094186e-05,861.863112073981,0.7816676649766333,1973.7413424853949,0.0503726296757743,187.1115524262301,7033.102257867613,8.36174496492027,13.838935883651844,6.0522055940282226e-05,5.936613517327078,-0.12504311485865638,0.9176666903865945,0.00010361185896840828,681.4018424523387,0.8275021761188458,1975.1027204894035,0.05939022966403231,187.1209983613764,7219.009039505261,8.38072789653636,13.69385964462857,7.038591678058801e-05,5.768627831002483,-0.14481264027581597,0.9391966668332341,9.143252589694366e-05,874.0552847485512,0.7785749798560081,1973.7048780218156,0.05001175213376363,187.1121943391306,7020.7642273386955,8.35956481929879,13.849213092092706,5.97186646666488e-05,5.947191857822608,-0.12364685306365795,0.9158730721334152,0
0.00018911940357890732,246.80327841319433,0.9355950441035158,1916.027074142149,0.1278587701982597,177.86886347222918,7417.305018155417,8.375558879347782,13.016588031415917,0.00013936345990606393,5.023524500485917,-0.22879591065838184,0.9825290890681421,9.746024089808737e-05,800.4391638829827,0.7906109204727639,1911.367979863645,0.05411727398382697,177.69495900394776,6845.032755571581,8.32576558915104,13.79113246571584,6.464254726921273e-05,5.883626768129691,-0.12300198776890489,0.9142954516375641,0.00011140174435361598,634.6504134731742,0.8342183882146879,1914.1158257498664,0.06469663114486846,177.82198803280892,7021.812889526278,8.346544834608466,13.637650073862442,7.594393759122963e-05,5.713430628479197,-0.14413102620666332,0.9379550058626793,9.675892734497492e-05,793.3077740661995,0.7924819520189231,1911.4187459457253,0.05353347770465196,177.69786078213042,6852.367209716689,8.325634742412282,13.790912167672632,6.482504679405602e-05,5.878217338524906,-0.12303786962089405,0.9143432557561029,0
0.0001887237470627894,242.9733423025176,0.9334326964439846,1825.020162473993,0.12451688512264202,176.2517586008073,7057.107307593436,8.343765040900944,12.982831291249141,0.00013574049916208729,5.018464154150168,-0.22512146011756226,0.9812611761337936,0.00010213993741225415,760.740036301846,0.7911271040758231,1821.0597237517795,0.05274738023121785,176.15082644628097,6523.498858705265,8.292366331053696,13.713342650472125,6.514114581806789e-05,5.84905517484902,-0.12494460781280403,0.91607750395653,0.00011658311769422556,602.6492442598366,0.8345094608928623,1820.7966676260885,0.0643334935608844,176.2586438983116,6680.537426244533,8.31317629088159,13.561336081102842,7.59859702090232e-05,5.680430471641525,-0.1457835520810778,0.9388580830606449,0.00010151018277969261,769.5272263844904,0.7887093192967602,1821.0155408256887,0.052057362244169125,176.15150227852013,6514.534936918262,8.292043672590866,13.720462244465505,6.471882172135596e-05,5.857235187204573,-0.12396831482232419,0.9148140593480564,0
0.00017701857517859418,267.3309724733774,0.9437460949406533,2376.110353506554,0.12356778770561544,203.17073538276065,9237.110441552846,8.538985858327731,13.001749085916419,0.00013199387066444937,5.074706112310652,-0.2668064269260561,0.9908271554287511,9.8580355712224e-05,876.9708354430377,0.8143978764891928,2362.5021601435747,0.04907475240662053,203.61043037974684,8573.03780513123,8.491966527182694,13.662297242242493,5.9738163969197855e-05,5.947812856933433,-0.1777214747747302,0.9645687195844433,0.00010756789683952193,712.1955723270428,0.8492586281128097,2362.3095750383327,0.05665221832815357,203.71215094339624,8737.042727826272,8.507157477850782,13.555548869475372,6.850042373127688e-05,5.7973578949194735,-0.19205226691663072,0.971525006171908,9.80612081397195e-05,907.9860253164553,0.807820186733119,2362.3345498195868,0.049776145910341144,203.60698734177214,8541.35217396188,8.489230182559375,13.67287712969604,5.882359218267565e-05,5.970758937133137,-0.17628932031205174,0.9637840443128914,0
0.00017607590888956144,265.4143494500935,0.939803003708488,2204.5481153644614,0.12125915062632635,204.35520854949164,8552.778112007756,8.501980922348444,12.980968578837977,0.00012824855352910593,5.079273525562513,-0.2620398037728504,0.9899734153964437,9.943832129672968e-05,938.8288523904178,0.7853888748075551,2187.2790880448374,0.04796974112333546,204.8583533842451,7810.287499788945,8.442888244900985,13.647286911522446,5.74572532316282e-05,5.993261114228985,-0.17134254591379275,0.9604680126120237,0.0001096695747542989,758.4017880347211,0.8263973727241185,2184.303889679899,0.057486355412111945,205.0214668122044,7978.813770684887,8.45790694433617,13.530801036623552,6.666379675962893e-05,5.839924360099177,-0.18673319036906502,0.9687026847852607,9.897320237583556e-05,932.5922167590754,0.7868263987631332,2187.4008117047506,0.04724449379839597,204.8599225860445,7817.011030059912,8.44254952037382,13.650573899223476,5.77113586420874e-05,5.989637074892727,-0.17091116674720527,0.9602078764928201,0
0.00021770979982220167,252.78527235616792,0.914988915752849,1486.7783101157293,0.1333321515398894,165.11889271590763,5694.327968106751,8.204470013797671,12.841893518541475,0.00015304197499162132,5.024138961558655,-0.21242758487660068,0.9760855181329587,0.000110545719304733,760.6412019230772,0.7442694310793858,1487.1925658586397,0.05741591805357446,165.0808173076923,5188.1290615114995,8.145646999595824,13.604151921785858,7.058159003427947e-05,5.845077308672162,-0.10633686242096332,0.8848727057927391,0.0001271620359501452,594.8734345047923,0.80062561133168,1491.8501781450595,0.07000624076207952,165.2661821086262,5372.527278075468,8.173899550453358,13.441700521355477,8.385575587326807e-05,5.664975906060993,-0.12944127331447883,0.9188992509599025,0.00010841448882314102,764.7855448717953,0.7428716751861795,1487.1670505876064,0.056100763738442055,165.08166666666668,5183.882657478633,8.146089927768722,13.624094822123201,7.001840270389461e-05,5.852115823155084,-0.10355894670058337,0.8798653268620529,0
0.0002300300886151359,226.596020139055,0.9214707431836826,1442.7490423669124,0.13606496798159398,162.8386078478382,5544.400149328601,8.186108600313705,12.741298273093573,0.00017454655925475804,4.9544026062037485,-0.22125192541473737,0.9787661758454519,0.00012134099006765492,685.0954934329428,0.7625921226282246,1442.8659676698244,0.06192628478531649,162.7763786801622,5086.368377246341,8.135253895394532,13.487982263747206,8.135432670881761e-05,5.770599888993772,-0.11704270601612965,0.9016808656841305,0.00014013426034230353,540.4435953347868,0.812680748209286,1442.5735480158019,0.07299953179679819,162.81049072758913,5229.850596728407,8.156173345914048,13.324019254843263,9.607903496969047e-05,5.597165118536744,-0.1399165971610417,0.9301988346954626,0.00011756534282371023,694.1616660641836,0.7594494072519229,1442.8600198694076,0.05975236552365079,162.7752741294131,5077.278413413438,8.133828468389087,13.512183933025042,8.008895961156398e-05,5.783453650476067,-0.11366280052808753,0.8965221052532519,0
0.00026927075442122596,180.30438324914462,0.9521876809144597,1885.5431685562562,0.15828930806445363,163.34171962413774,7361.868290975872,8.328146911746765,12.724860065971473,0.0001795308085985765,4.7838717417512155,-0.2539320363430148,0.9875755425958493,0.00013198297078335949,607.1254306021888,0.839031500871761,1885.8516849265934,0.07220958949860132,163.3887193127807,6936.281309104186,8.296129421728608,13.558747906786373,8.199066732656527e-05,5.679613062607723,-0.1395333548436604,0.9322880814782528,0.00015737318679708484,484.1365849417492,0.8717361156005731,1887.2677496421966,0.08569864239978259,163.50736828377674,7064.934413627016,8.309781685476812,13.382662231451313,9.645427748993401e-05,5.507166364848914,-0.16392191056220923,0.9530635907645688,0.00013066825708607223,603.6050233288272,0.8399655819220299,1885.860024918995,0.06977695279170108,163.38961322112237,6939.835076347161,8.29700948170906,13.5580194432081,8.152462365429844e-05,5.677539551256801,-0.13963792594569058,0.9323953013888353,0
0.0002221003312654759,205.3107142480183,0.9471077334982025,1940.8386880248172,0.145239486359684,166.802602830816,7558.044037851254,8.363422509129077,12.886051357312585,0.0001629384236665906,4.886719523654232,-0.241324211644243,0.9853338958227597,0.00011356452337449343,656.2352050326195,0.83106555360728,1942.2776675962314,0.06536193934959203,166.89575743455055,7112.875465352325,8.3298433698133,13.681896232104485,7.681194175788249e-05,5.739652161474245,-0.13287994356561045,0.9259378228429704,0.0001366852007267508,518.825981841216,0.8665463070165814,1943.8427301733946,0.07949479390925769,167.02566511824324,7256.5449388523775,8.34617209287001,13.497706315018965,9.097178033944892e-05,5.5623883711648885,-0.1582284854541449,0.9495515388647904,0.00011439164198307145,657.9141108192839,0.8306337015766633,1942.2816609441943,0.0652788360949634,166.89536558502076,7111.212532957514,8.329262597989885,13.681073579868054,7.643245817013146e-05,5.742375795029824,-0.1329941238911355,0.9260667507804683,0
0.00021600688588328665,208.7009283135637,0.9412877989112095,1777.3216166596812,0.13800777870647105,167.88795771015987,6900.585538325184,8.301643500092197,12.858102176021404,0.0001607496939442025,4.90978252725648,-0.23112945700585896,0.9824825461201249,0.0001161117923073613,653.7516788944525,0.8161030634523886,1777.4947510482316,0.062178762548168474,167.88979465082883,6456.227325298445,8.261775112789717,13.617666454031763,7.729953967840592e-05,5.7396027495401984,-0.12663610741361056,0.9172518378885353,0.00013946309653214547,501.5074392099221,0.8589013617586658,1777.1519465416268,0.07755852839268605,167.9319769990459,6607.100346956591,8.280465864990173,13.419346642175007,9.355219399321583e-05,5.5402272690031715,-0.15392556273852318,0.945149686651669,0.00011670223254112144,629.5773973577628,0.8229019756357465,1777.4828364625419,0.06332273531103244,167.8901957739736,6480.3539484924,8.262580084756536,13.60176093542847,7.875299034539709e-05,5.713784674542607,-0.128823199892621,0.9199542872116917,0
0.00017835062740012184,251.34881585612953,0.94087844286323,2125.695161196916,0.12027052259621412,181.8371010638298,8251.431828931527,8.450459598486336,13.016795573184488,0.0001317225265661406,5.045426348920129,-0.2441562207166463,0.986518617255699,9.945431998652161e-05,843.6224041279139,0.8018878183105398,2129.153283088581,0.0521562068405869,181.82918206140906,7672.990728226374,8.40814918730301,13.725867366932167,6.17678702395587e-05,5.919558444320286,-0.14873235487729702,0.9432942342820895,0.00011299327911802118,673.9852041947859,0.8417738967216576,2129.8167313428476,0.06488203967091485,181.90580743275362,7845.281721176601,8.425900926141946,13.57748636326429,7.162654453727182e-05,5.758140935969789,-0.1688249313234528,0.9582305567813455,0.00010050584756056329,841.3859090329972,0.8024177659635032,2129.204361758497,0.05457453370845062,181.83074276977953,7675.431538000994,8.409518549805554,13.718136022844943,6.181429845967753e-05,5.918104618938981,-0.14978355818064876,0.9441978163011142,0
0.0002008285722674725,228.86673835718386,0.943059423273341,2009.6981055869555,0.12693604826897134,176.48829514434613,7809.925683990648,8.40497433480409,12.859871117075315,0.00014059932965669388,4.975831921319062,-0.2558210657171844,0.9884341279147086,0.00011342295077447665,769.4653428250289,0.8083455541716749,2007.4288897902807,0.05501045523070455,176.1774697140002,7260.250216336102,8.361901227153355,13.534481735845441,6.622565810324036e-05,5.851604237039542,-0.1639316402668943,0.9543562154566143,0.0001260869862521301,623.6044924298839,0.8448576908714482,2009.7821668786337,0.06556460674234155,176.33006535947715,7415.524175084665,8.379097357483248,13.406203940571896,7.60362954081343e-05,5.698705599222396,-0.1815155961350904,0.9649792627858506,0.0001116725431058303,784.2827525914831,0.8046806128345081,2007.6930507850257,0.05550132404105575,176.17751134424043,7246.489450548626,8.364091712351902,13.544123410555589,6.575311036867346e-05,5.864518475783474,-0.16263232602282868,0.9534524515856898,0
0.0001949038608826634,230.77487557072885,0.9469492931622545,2175.040535054033,0.1232401526400468,181.19081897083626,8469.387264645396,8.437541988146554,12.900823371227759,0.0001361771684382514,4.988117684791501,-0.25770641738076683,0.9889350942079916,0.00010962197103163849,812.3440579710139,0.8118332441001936,2158.574861128902,0.05317736096663772,180.81412008281575,7821.955386544585,8.391580213781388,13.585585723539449,6.375294638152003e-05,5.889378340373488,-0.16419155808477642,0.9549742158445934,0.00012416975732018796,644.9883950617279,0.8510728731479201,2165.4496688919353,0.06336497927724508,181.11901234567904,8016.810280506012,8.411622647280222,13.450393945830463,7.395263386591519e-05,5.723216937203511,-0.18301178259461984,0.9661423669465632,0.00011161863611228944,786.6785921325046,0.8177842411826919,2158.645874644756,0.053748367528585035,180.81366459627327,7847.904906446522,8.392270402392036,13.571500857971191,6.461775355202531e-05,5.868665271942026,-0.1660982262471563,0.9562559588804416,0
0.00015009940393565017,330.1307227181109,0.9273150195257964,2270.9693293188357,0.10128191432838132,212.14204818120749,8753.746594557211,8.503386682709406,13.1632221387311,0.00011154965125337951,5.242972993356494,-0.23857120163573028,0.9857600581309035,9.174893229713828e-05,1087.7684541062808,0.7601715709239278,2267.8054855649953,0.043555796656814603,212.38797101449273,7983.45348815374,8.445706980189323,13.759680675869163,5.2271428841760464e-05,6.099666067900542,-0.1585381052699047,0.9520757924283677,0.00010217207528940673,841.1829256594718,0.8145780235208899,2268.2934936632028,0.05192784563945185,212.4843165467626,8231.99104899331,8.470214212616817,13.634577519641823,6.17893013097759e-05,5.9168259335825475,-0.17526057521581923,0.9628774032708443,9.269061121613295e-05,1043.5125120772955,0.7699336494077147,2267.851229418995,0.0426202797235315,212.38574879227053,8027.892405598723,8.448545752962698,13.746086659433994,5.359470771572691e-05,6.069340029520546,-0.16035190223332838,0.9533883830562603,0
0.00019616013997802583,204.39515006524573,0.9457194221589088,1882.7650533089836,0.12950110400944723,181.5641800782949,7326.665063170702,8.36999379738699,12.897302803949593,0.00014496028756191029,4.907638292254866,-0.24227465912449647,0.9856112050440224,0.00010192730810491834,746.478627622377,0.8017783033396959,1882.938750397334,0.05345035892465498,181.63181818181812,6785.2763739669535,8.319826784151495,13.703035056682655,6.5923629526948e-05,5.835579469302161,-0.13251826710886083,0.9257313558948864,0.00011339802820200325,606.5538200487297,0.8388949171277715,1882.478843109533,0.060832216281545975,181.41272189349115,6923.361552389411,8.334925644376547,13.569439915057284,7.515215937281714e-05,5.686710520889759,-0.15070452113537858,0.9436512564912599,0.00010137524871326115,743.6501748251742,0.8025294682001952,1882.9396164767986,0.05213803685419626,181.63177447552442,6788.108291082019,8.318775364397403,13.70483083861644,6.600399929313772e-05,5.832574090447803,-0.13227367254026448,0.9254535440154917,0
0.00017390048210372803,258.0587675675679,0.9464758674863066,2410.6767867890667,0.12152451957112005,210.5079783783784,9384.64837958871,8.538964797263466,13.044497570056567,0.00012838348266869113,5.064057180923788,-0.26051316309393274,0.9899006765233144,9.53816825515778e-05,947.9250217959903,0.8033581056196104,2410.2824700271885,0.04337284698998464,210.3536181342633,8693.204858312762,8.492755846005249,13.744025564833635,5.79876183522414e-05,5.996085693266832,-0.16721876749911485,0.9584178308262634,0.00010416147819053245,776.5488206729106,0.838743942953568,2407.812875051626,0.05128513829931754,210.32119320152623,8854.702679533584,8.50653913397055,13.636060545441968,6.566390282922907e-05,5.855625930648477,-0.18144940166440088,0.966539988960251,9.469473833030817e-05,963.0888840453365,0.8002201528944903,2410.3754657914105,0.04546997514691964,210.35217959895374,8678.41297912033,8.49035354228625,13.753108663634066,5.6712469234038346e-05,6.01140856620927,-0.1660210688596859,0.9576482741995103,0
0.0002457838158357984,165.81112321758502,0.9615348286912168,2155.3410211866976,0.15754409742709746,186.43370126486332,8455.552961529225,8.453560441545317,12.78844322129944,0.00017523489980082453,4.721035259833627,-0.27437235415165995,0.9913959705258074,9.720365995440666e-05,749.7000047608846,0.8258403214184243,2152.335175589167,0.0571045657933464,186.2573139089243,7859.64069759578,8.409876513172646,13.85258063304136,6.731883335277807e-05,5.83282024318334,-0.130533452113543,0.9249329564009946,0.00010731470104856013,645.7666559802408,0.8499150358903501,2151.336943747523,0.06584150477664427,186.21095002315386,7959.581119009839,8.41974938080956,13.74216925111389,7.434209408163636e-05,5.724024451203198,-0.14535196338097536,0.9402022473885703,9.7501151491992e-05,763.0895641410175,0.8227307566248923,2152.346198393512,0.05838927404456751,186.25693303815848,7846.295229433046,8.408535623564923,13.85772198341973,6.649572658306392e-05,5.846169135611881,-0.1298401236282131,0.9241258949343173,0
0.00021463905198959067,223.2892418731531,0.9217118655864078,1426.073335031433,0.1254032439894257,166.2973118890657,5481.004098252575,8.179583279184769,12.745263417100308,0.00014613738625168722,4.967329253818195,-0.2202614489268614,0.9784425093983901,0.00011923623104405422,706.9451114922813,0.752227586571779,1426.6017384883207,0.055043251338330816,166.32561463693543,4999.4618424609835,8.119842812349052,13.456166714061377,7.087605214170101e-05,5.796692260411017,-0.12106047712962863,0.9074235830838275,0.00013275246640439772,568.5107127614165,0.8008696527495771,1427.4838582148968,0.0642284255252867,166.3838099302888,5141.424720098177,8.143489820746753,13.324671618136538,8.153444698825354e-05,5.641298753257825,-0.13956226283664092,0.9298095968803896,0.00011700429323167636,727.2660091480845,0.7451146190887173,1426.653044101453,0.053069705942132325,166.3234705546027,4979.3461672577,8.11680564161161,13.477509517542636,6.981637461238714e-05,5.817213497177337,-0.11808279799868555,0.9031743286562337,0
0.00023452080506317075,195.22175945601379,0.9397371397154247,1619.7518549079432,0.13383766822603427,180.2613684657883,6283.785660175756,8.257046548075625,12.642807022257296,0.00014795487373633643,4.871652318449019,-0.2523628043789396,0.9869359904757284,0.00012121319376022517,708.183433980043,0.7817764786615686,1622.610224682824,0.053198398856868175,180.34489699773013,5782.257464751263,8.201770516796717,13.402336479350353,6.669012782688005e-05,5.796614897304559,-0.14768897300746853,0.9391565230446433,0.00013325889579165838,574.0691285458738,0.8237851061165419,1628.889351786409,0.062396419654461306,180.5289632847773,5941.488278599798,8.225709978173684,13.298139187778807,7.585006668246023e-05,5.648494659648415,-0.16267253507589555,0.9513593893918615,0.0001225081888768554,702.270247119792,0.783633347689431,1622.8708066152722,0.053384740410184595,180.34493982611679,5789.212979341311,8.204999126018933,13.396853380699705,6.721505884358158e-05,5.790985948955491,-0.14848010850027998,0.9398736784004376,0
0.000209527384114284,196.43485452490035,0.95913744944951,2403.604913038629,0.14734249232480873,180.22732194918783,9417.984797629626,8.519678483082663,12.981177014515923,0.00015696147409673328,4.852064558582322,-0.26322860005551685,0.9901780065766846,9.629664662669841e-05,712.4369593270562,0.8518947175345615,2405.1706578842504,0.061431902809865255,180.2253261960522,8908.245672209941,8.491186942272961,13.875212897257331,6.840774912799755e-05,5.800197977761398,-0.14365378985603916,0.9397984593147733,0.0001115463278377488,576.9771849980939,0.8800991242784093,2406.0590947551746,0.0720076666239186,180.3375786313382,9047.259194022587,8.502129376173233,13.716694152831742,7.909340377846398e-05,5.644219778322493,-0.16498416588474857,0.9566184983937221,9.708429991636367e-05,713.5132031735411,0.8516705214406332,2405.16318840817,0.06087300725582748,180.22507527601203,8907.139550459124,8.490172815277237,13.86979261253779,6.873154563948542e-05,5.799309730854107,-0.14437860160825905,0.9404677477774638,0
0.00022577174934001386,199.02736354598596,0.9546102839280223,2192.4279415008787,0.1504086623948584,168.77380519386048,8570.684402457518,8.439994487695536,12.89740593277735,0.00016790526744439073,4.8572346773917925,-0.25625067780538086,0.9886450380788131,0.00010691261729349381,690.6112409896757,0.8423222896810599,2189.945679680265,0.06381304155375883,168.51875121761157,8069.171477731408,8.408855880427133,13.76111337526941,7.394583523976319e-05,5.7769268497232344,-0.13911364640836885,0.9339288662591961,0.0001247901128699481,549.7144244779017,0.8745083657409825,2190.243308742274,0.07610812079049967,168.52268091306456,8211.258810491192,8.420700394367094,13.596277344694002,8.637701933756442e-05,5.608806171884563,-0.16144559496506664,0.9529792264641526,0.00010780120032538714,680.2809638612907,0.8446847097678801,2189.9999763211154,0.06411494819961393,168.51805717903764,8079.71894142318,8.40832170038854,13.75466796237956,7.447801989451833e-05,5.766167539965561,-0.13998792566275461,0.9348075100458093,0
0.00021759943495057297,211.5797716936242,0.9370334196512771,1680.0957787595635,0.13353561005181963,171.05005873317072,6508.803343344629,8.27230966620458,12.833402451008034,0.000152633923312475,4.922281940541991,-0.2270552257418981,0.9811404570982806,0.00011441680389351601,726.3561695627853,0.7838913060580509,1680.534355915137,0.05826111383336866,171.06714758858493,5995.781254097765,8.219882779165587,13.627869005901712,7.033577382385024e-05,5.8139742257771045,-0.1173158607265811,0.9038926749710205,0.0001340166801645628,577.8935352622059,0.828313555298132,1682.9911536280597,0.07113426439240961,171.1881103074141,6154.071079250047,8.241045573104945,13.462220104228848,8.279203231792078e-05,5.642410071444528,-0.14040771711785208,0.9322270092230693,0.00011426893955980658,713.8966169109093,0.7876006306020331,1680.5525810514346,0.05774160160983984,171.06710221859265,6008.313707294827,8.219937070505061,13.624473611563758,7.06869468515116e-05,5.802968536609111,-0.11778756795899345,0.9045814999551912,0
0.00023875542697557846,209.22916430594913,0.9516091195239215,2161.8656474889003,0.15293062001547184,169.11222379603402,8438.233425649621,8.432669381432394,12.87984125936011,0.00016971962105265316,4.868548618087492,-0.25839341208279853,0.9889956472362674,0.00010450375195672218,768.0700243426763,0.8221221327628186,2158.981429990228,0.061451094935094916,168.8479080957194,7867.855695618251,8.396426742244788,13.791253216760682,6.905934339608052e-05,5.84989035054393,-0.13479116109478756,0.9293824864524031,0.00011496917459791217,630.7966527553033,0.8540460256651984,2160.943734592419,0.07003446840440741,168.91569429066232,8012.978285614401,8.410408592916486,13.66581629928368,7.855680972814495e-05,5.708073313840146,-0.15188790818407558,0.9456247071242868,0.00010157739926487239,771.1185246345037,0.8214156967103099,2158.976210198158,0.060028601613747574,168.84759491508538,7864.786316158137,8.394697917896483,13.804987937283007,6.851015291873945e-05,5.854639579908602,-0.13293478481576265,0.92734022812455,0
0.0001870295118485622,228.65141893588805,0.9453235294305969,2090.948963555127,0.1224758243085931,175.5301905069422,8135.144435284619,8.417008694684252,12.921607466486176,0.00014107334720575324,4.978871645925381,-0.2500723909760211,0.9874743194938406,0.00010800223242924726,780.9407984983022,0.8135963562010983,2094.7573303363397,0.05432229379659787,175.51375351960147,7598.0885228470615,8.378288901928254,13.61569269840212,6.56193254861376e-05,5.864395131169533,-0.15627875690096407,0.9489786297126904,0.00012451788923666676,633.2171978179742,0.8489444823816493,2095.9750686427424,0.06688695120138802,175.63135228251514,7750.683076753012,8.39319709261613,13.47346231064216,7.569442958617197e-05,5.712209107357749,-0.17562590964963393,0.9619176971036512,0.00010773574847596743,791.4754891343574,0.8110897549941005,2094.845330145112,0.05450435571567365,175.51490867085406,7587.905831446093,8.37830720923957,13.612879291515835,6.550456928632526e-05,5.872743287457061,-0.15666185248270245,0.9492743376822985,0
0.00020180494778213493,210.20753972948472,0.9384996571380475,1708.9948604135561,0.13367053276594254,170.8374147245554,6625.771901924734,8.309572256236901,12.850500129141537,0.0001627692120086072,4.921846724697846,-0.23344109105338384,0.9831079435389949,0.00010821728454174844,696.0002971414983,0.7966014392186989,1710.9272909011897,0.058678934652709215,170.95150650739882,6147.708866463228,8.264373114250608,13.625007388839924,7.581720273376727e-05,5.7852447843958315,-0.1272077399514748,0.9181010023630362,0.00012574937128349256,556.8256992938027,0.8375431561587788,1713.7649794490326,0.07040623225019613,171.1045883141989,6298.234218502363,8.282755512150011,13.462381772086921,8.890730324733034e-05,5.6202454258849786,-0.14984614140962904,0.9418248208612235,0.00010673160647886339,703.1799885105283,0.7945042096703064,1710.9352638862956,0.05693533931951483,170.95273469226044,6140.5610670346505,8.263738231392832,13.636173698962796,7.516485923840052e-05,5.793217877294406,-0.1256747893662429,0.9161694422326703,0
0.00015943637442935292,290.5898229932792,0.9387143760879384,2370.7829376938407,0.10894488681587036,198.5031847133758,9192.541927782084,8.503112093359963,13.147207194164174,0.0001212451114257612,5.1450352472075656,-0.24053917962338986,0.9861707186070638,9.35941917596966e-05,937.5426406006502,0.8023376397373226,2371.576053616738,0.047371795671321104,198.2343108088964,8548.761573866293,8.456034632133582,13.788677453929745,5.8592240935057696e-05,5.989159675615022,-0.15447995539209847,0.9489874152509372,0.0001050898210783426,741.160045083122,0.8437240412403728,2371.3181828021516,0.05488419922775588,198.34608340377565,8744.112686125496,8.474070435751841,13.65749967677721,6.820526131539166e-05,5.819439927034045,-0.17205134383381127,0.9610087779062061,9.35923103433519e-05,933.6618147046311,0.8031582120748224,2371.6046895985037,0.04753135755223014,198.23519620342825,8552.756943689361,8.455346823104296,13.793557443857381,5.847268280577976e-05,5.986619041325949,-0.15383199759684066,0.9484779605267107,0
0.00021205982596223346,144.73451442432614,0.9635095211058115,1983.1818985440277,0.14610183343023803,198.83734731005805,7787.993079751759,8.43169408616117,12.741861443746032,0.0001830090776140415,4.654712080450914,-0.27641598534734013,0.9915688199873218,0.00012389875877139096,398.57619628162115,0.8993738155560627,1980.4795266966157,0.07306810590090444,198.72858884486436,7523.341910504823,8.410139384190224,13.41109881073658,0.00010111662452621855,5.380867857578499,-0.18567353192933492,0.9673397778657078,0.0001371008517713938,323.2567910334512,0.9185142406170707,1983.5170800480792,0.08271503547302508,198.88694257159585,7610.811529158855,8.41954611849593,13.276016463445947,0.00011180825520229808,5.2390189910760405,-0.2042160638942895,0.9752814399393134,0.00011343610107659596,471.35435625027185,0.8810041586031905,1980.549701222153,0.06549435549851403,198.72467017895244,7450.844448638316,8.404074890176066,13.520555605589944,8.931152592040797e-05,5.507074835026948,-0.17086484332118632,0.9591771595181255,0
0.00018816540065828916,178.9887484158141,0.9650710446402777,2562.182959273783,0.14111842857625673,210.63494173286756,10069.743088679359,8.583369913722382,12.927512022870197,0.00016256552616505598,4.791174601791731,-0.2857174664892958,0.9932552831234849,0.0001038048557602896,562.456783982092,0.8901986619375587,2561.247403297686,0.06061880328916943,210.94366372341742,9682.532829208656,8.560882065375301,13.64812259046594,8.002248933513165e-05,5.625210940586925,-0.1902893925177998,0.9712419820417,0.0001200229266379404,425.4315623453733,0.91693436807601,2560.8157819991357,0.0746441830642193,210.95710663038102,9817.83156565117,8.570509474154782,13.472065920150188,9.359589501004951e-05,5.430115646681676,-0.21356554804064107,0.9798418650851893,0.00010431523595781005,565.8353127720436,0.8895376434964405,2561.213297825121,0.06271475011131394,210.94481407785094,9679.01787852843,8.560196513863499,13.645203267578324,8.091759549090691e-05,5.625895424048174,-0.1906715888271539,0.9714094947154132,0
0.0001644532750368506,209.43426803116245,0.9610773914574405,2690.3935254255666,0.12543176067825307,215.24452346697797,10552.139833671092,8.61625170332453,13.088190570081462,0.00014797492980279172,4.906784471786251,-0.271291603384161,0.9917451335993087,0.00010368966942260741,509.9426614267777,0.905114135515724,2687.137142072954,0.0634138187777705,215.0912886851154,10238.605906865036,8.595363624219395,13.659244276054256,8.520036537302762e-05,5.555240119202231,-0.19568958073611342,0.9738222486772649,0.00011499359865084557,416.21975127620226,0.9225805723785759,2688.0833665647024,0.07408814816835359,215.064054523732,10336.113714982559,8.605422618945514,13.527531069475849,9.571071148996719e-05,5.412386687886604,-0.21315120578201133,0.9799684993893342,9.522758542350531e-05,644.8111183887338,0.8800188322904687,2687.1347007965414,0.057087254834335466,215.09096119207464,10103.727684797406,8.589706240736135,13.776809813610829,7.487154798985444e-05,5.7176108653537145,-0.18015867082143888,0.9667637004750379,0
0.0001807940904893851,262.97919799498754,0.9345133421829005,2007.883794661464,0.11183395562622447,202.28977443609028,7768.555980650868,8.400299515263967,12.934721643278184,0.00012504906076256348,5.085470012253483,-0.24666381131297568,0.9867782713678931,0.00010862284460768913,872.8438383838397,0.7823750624875005,2005.3856151795662,0.04870075538153253,202.07222222222225,7148.6986223344575,8.348387675811797,13.55446436921646,6.005782403820434e-05,5.941722532481988,-0.16253139592023078,0.9534624530372632,0.00012071823851909504,691.3642384105965,0.8282161449681474,2012.3085440200703,0.05696669963845047,202.38460766606457,7357.869937669682,8.372025214897956,13.427842675527579,6.957070367165659e-05,5.777643022030215,-0.18032633994341224,0.9644408247101584,0.00010891873278236536,866.4861111111123,0.7839845255925444,2005.6112032898382,0.04850676587397092,202.07611111111112,7155.958702048265,8.346771024902925,13.536473353117945,6.011152949555564e-05,5.937185212123368,-0.16499288560512568,0.9551625288762146,0
0.0002039791983289331,196.34444908282808,0.947640676446515,1874.9712157974145,0.13020021523821307,178.33939051641585,7303.540414106814,8.35345748529975,12.847248030569512,0.0001524502602748038,4.880576780354195,-0.24530072416866258,0.9861322378610212,0.00010663912904163658,717.1140896524503,0.8087362975705733,1874.6737633531393,0.05374577315465924,178.38284952606637,6781.580963760123,8.302005483705049,13.639249538745464,6.942162133276058e-05,5.80700365234626,-0.13705464540594486,0.9303698727553332,0.00011827749455495192,580.1073850235855,0.8453081980891729,1875.042432300288,0.060633268700824125,178.23611930031456,6920.062344177575,8.319232573678171,13.513987259665559,7.937699281822277e-05,5.654887315517792,-0.15416540277996876,0.9462438229645486,0.00010663303602123917,706.9837578988959,0.8114388889801838,1874.680717766376,0.052840041087857635,178.38210900473936,6791.739113166615,8.301609361554974,13.638847371637624,6.997768935248444e-05,5.79638646023751,-0.13710353509050063,0.9304210947025157,0
0.00016535186767577885,273.3532812499994,0.9447974977003368,2475.913861351015,0.11761695349261914,210.47304687500002,9630.302164154062,8.553262090318764,13.119826190819277,0.00012540234327316287,5.101722965991773,-0.25419973810105057,0.9889826646845036,9.090070680141208e-05,1013.0433464566911,0.7953161539335647,2474.6538770037732,0.04323057596393472,210.3152362204724,8885.572161558383,8.50573820370693,13.82848546047234,5.553822010964296e-05,6.046139165410034,-0.1597080056105962,0.953571575932124,9.842122602489675e-05,830.4682101304511,0.8321392996929804,2473.6826684611515,0.05214040945666487,210.28283777960593,9064.262463714156,8.52119449553264,13.71886533203185,6.321105902809609e-05,5.902404747324326,-0.1742407137227076,0.9628544090376967,8.923290346580543e-05,1026.8008267716518,0.7925236899207813,2474.5013692878547,0.04361686805264206,210.3201181102362,8871.204650379761,8.50505418226496,13.838614562589056,5.472313644822567e-05,6.055806551268345,-0.15835754436687766,0.9525958313713005,0
0.0002472560379716754,203.27057488313565,0.9536085566763535,2190.819689150694,0.15856026890520347,186.42011641495867,8560.008181719633,8.463379009508541,12.796259261914688,0.000178323496556292,4.732754145833429,-0.27596829807162804,0.9916508543927545,9.714536689641007e-05,786.0834274102513,0.8198142199784229,2181.313717753237,0.057600201450692695,186.3403928652066,7939.171443602718,8.41985384648418,13.859690107832282,6.815415220634972e-05,5.8351668888617,-0.13216427875522954,0.9270027196888257,0.00010729309633796441,649.2728757249843,0.851102803395954,2180.272330618718,0.06677544458253074,186.31843009178442,8071.816446749879,8.431938981119476,13.749298294067403,7.56885770691583e-05,5.71667822454439,-0.14699518660801644,0.9418692214314129,9.751458003172105e-05,788.7784037028681,0.8191947982980955,2181.293448081562,0.05940552907195583,186.3397945360127,7936.395388623387,8.419784963402634,13.864725465163552,6.7432466316725e-05,5.847468256093093,-0.13148394306899647,0.9262323501765748,0
0.0002464183559713484,133.610308926438,0.96436600990248,1874.7593036983562,0.14818197843068948,189.20737327188942,7365.426905866989,8.37339301120263,12.550881051394626,0.00018494225480965694,4.600349569845278,-0.28774056264944353,0.9926107487865106,0.00014225601856036635,396.54686318971943,0.8943058132342866,1875.9161469718656,0.07274532417005568,189.24788703360136,7107.117724697746,8.349450919928358,13.234158577107943,9.833231930554341e-05,5.379079074699727,-0.19456001546782903,0.9707158177138333,0.00016239372743671984,321.30088858509953,0.9144444585889621,1877.7327761941942,0.08671819344879383,189.49008885850992,7189.63021619169,8.36024725244089,13.093949205624696,0.00011094017848623543,5.230588063341065,-0.21397052153498458,0.9780609852304701,0.00013580445695571912,450.24125609839797,0.8799950285219628,1875.927515972926,0.06904269648021637,189.24957053528485,7053.468807793295,8.343383228867374,13.308203979135985,9.035657285127563e-05,5.472653656845459,-0.18446169425696632,0.9659611349540514,0
0.00018189517895313208,245.44188291197958,0.9317453593987058,1797.9867797247534,0.12655634186774747,183.16044845379957,6946.5052359870315,8.35304520835764,12.990152115799425,0.00014065247020898292,5.0253834296829245,-0.22562421479834677,0.9814522409541353,9.494752139984947e-05,818.6627880957712,0.7722286591627185,1797.1154428085829,0.053465700502975756,183.21313492951447,6369.798983138571,8.297857476120015,13.784586815809522,6.423611120522545e-05,5.901132334042082,-0.11708754078608574,0.9054958230727796,0.00010630195233682104,660.2284292240845,0.8167998765798331,1801.9322719283082,0.06132129452268498,183.44396983991385,6547.500658489153,8.320250235335369,13.645178989161638,7.446003227243458e-05,5.74401462045846,-0.13663163805812029,0.9299511505016165,9.312135008786737e-05,832.5741403744316,0.7683617889892065,1797.1433485463094,0.04943486870144045,183.21216528679054,6355.999253810813,8.29710990177756,13.802563524627587,6.369205951391166e-05,5.913146385914512,-0.1146364773378666,0.901855568353713,0
0.00020802514792899412,208.15851648351614,0.9399337989375922,1732.7424808107426,0.12763075061023862,191.29532967032964,6722.811406759458,8.315482496709214,12.737796252778153,0.00014204080368201828,4.919619227954006,-0.2530296752062757,0.9874333257256287,0.00011168240757433381,791.1938445921003,0.7717817705698361,1733.415088197884,0.0508841789359198,191.39050387596888,6142.466508199439,8.260933855067236,13.494552502955262,6.247639998343562e-05,5.874614458230267,-0.14942354781843176,0.9417377197716614,0.0001241406180980369,643.7095087381297,0.8150080453956086,1739.8310918837142,0.06018833165807112,191.57061602678772,6315.614858796704,8.280881168771687,13.381164692977977,7.105118409340063e-05,5.728855619798622,-0.1654680375432635,0.9542175097348329,0.0001121721072901274,778.5707364341083,0.7754407828320904,1733.5532833015095,0.051639443470533904,191.39521040974518,6155.642396771924,8.260924903381042,13.494372495737757,6.300374203811649e-05,5.8640294568492255,-0.14946628716149135,0.9417764231516023,0
0.00021482174556930656,198.3098939611789,0.9589817877156954,2417.3395537896704,0.1482750716021528,178.212841480949,9471.048321197486,8.51533395253903,12.948838315504142,0.00016004148220761206,4.855153302590863,-0.26688480414339893,0.9906884484498459,0.0001001406137145642,694.4535783074516,0.8564021790526297,2418.0505446596744,0.06270020681796534,178.33382990249189,8977.748600331252,8.48789431762441,13.819012377866347,7.045002515360448e-05,5.7822894939371405,-0.15058468349849033,0.945853820939831,0.00011518496191156295,560.7610433634807,0.8841901848644969,2421.0428222657956,0.075056221226104,178.4951326703566,9123.410245699655,8.499190591917753,13.659803280583482,8.203210243575568e-05,5.622323337307825,-0.1721375550219307,0.961082044192662,9.967428366523855e-05,701.6998916576382,0.8548976647415675,2417.9483066481052,0.06243420574839992,178.3332731431323,8970.093334934783,8.486536969945828,13.82079796800133,7.066529486315326e-05,5.786999280196216,-0.15033930995110067,0.9456487566035562,0
0.00023317716164610402,200.34446591590563,0.9516797296574764,2073.08924904328,0.14939157692966754,164.87022056373692,8092.012530257209,8.403451666023424,12.852670930909333,0.00016834294993168684,4.861772027299315,-0.25367345183787277,0.9879790801836772,0.00011357756533934968,665.7319845754223,0.8393275467179286,2071.7054198664673,0.0647455339246242,164.78998741397314,7621.089694890459,8.371829295235678,13.68327943935197,7.615362362771902e-05,5.7503412696315515,-0.14066269448921417,0.9348030135363625,0.0001338674975623936,521.4697329773044,0.8741942836615343,2072.520025935737,0.07778916881313486,164.8284512683578,7768.610370765662,8.384934887561764,13.513837480027153,8.964450256284938e-05,5.571185314838743,-0.16378191966596864,0.9540708305656977,0.00011545072823463862,651.0603459818437,0.8428694719121177,2071.71818838958,0.0656005164533727,164.79006775031465,7635.812407576472,8.371880886283854,13.673988046415236,7.704426112036862e-05,5.734439553208796,-0.14192571289881883,0.9360448923379917,0
0.00021580912119456807,216.35245080500886,0.9316414202275738,1582.4820492561166,0.13143409332618533,168.06411449016102,6113.575746219445,8.237088290578775,12.810468838248365,0.00015048365118376948,4.938293929124338,-0.22339488598137106,0.9798522909267375,0.0001152687167841291,728.4073508267434,0.7698632194923823,1582.5530999870743,0.05740654900652653,167.9989036664271,5601.805049121536,8.181840906512159,13.582811619519381,7.01240763930987e-05,5.816344495967814,-0.11626571562724498,0.9016691902475472,0.00013570332529436467,577.599688473521,0.8180660229424696,1587.3881773355042,0.07133346017897271,168.21278690872632,5771.95302086851,8.204636025800646,13.414303910406257,8.286157063161033e-05,5.641967339157084,-0.14016853571935708,0.9314536167422476,0.00011474252163310954,715.428468727534,0.7739755717451456,1582.6352802911397,0.057185851759827426,168.00057512580884,5615.112652437012,8.182214006819873,13.582306238519198,7.055340673692862e-05,5.805294663047878,-0.1163413258150611,0.9017826957478673,0
0.0002131222716827606,156.57736475273828,0.9668586975902825,2362.269334153174,0.13765177860717853,218.36959840690344,9292.49997185995,8.545108133608565,12.657454624609192,0.0001700737079091314,4.709943760272848,-0.31279692751804455,0.9954109227300877,0.00012877965669363733,482.16191241462377,0.8981579100321542,2367.2035430874585,0.06218693121042359,218.39185750636136,8986.652259935232,8.524933380766042,13.258199052030648,8.574215100155195e-05,5.520280214490828,-0.23297367572130834,0.9847249761418936,0.00014587159473522935,360.6793593833067,0.923868257355232,2368.7843391831484,0.0746235080169539,218.72414938862312,9114.457997349287,8.535240248384106,13.115969314841571,0.00010076747478262006,5.317339644905649,-0.25208810495916656,0.9885600628115527,0.00012840974193867668,484.2430025445286,0.8977217307070534,2367.281954867516,0.06408396838144324,218.3879067898755,8984.884816925536,8.525925609301504,13.269352832006724,8.656904419896868e-05,5.519451454942409,-0.23148545201320098,0.9843772184824469,0
0.0001628393412443898,232.42463810641647,0.9531992159223353,2483.127608724555,0.10933746199324734,219.5808392018779,9700.085796791842,8.583031971483768,13.031556830310786,0.00013592340700019443,4.991407713002355,-0.2718214134012219,0.9916741108056054,0.0001130254140220746,531.1915386130815,0.8929761812708351,2481.651023672226,0.05988003194385309,219.39140070921994,9395.412556075818,8.561563334414169,13.485103083741036,8.258404641162825e-05,5.583762044546368,-0.21155693302122067,0.9792047568639073,0.00012820634738644875,409.35519686965046,0.9176479488785662,2485.397699846186,0.07388624353977088,219.6892638786989,9532.235602515124,8.573879235167626,13.33489670172877,9.632529265953651e-05,5.398653072105716,-0.23176545361687814,0.9847187941055383,0.00010589022236318576,646.2782210401897,0.8697870687768329,2481.6207383142355,0.05628978917256,219.38834712371954,9280.204732216756,8.555870779432297,13.573712097708182,7.316333524834942e-05,5.7248484906447334,-0.19979611144464463,0.9751175381164884,0
0.00019946742984195608,251.28439922480584,0.9416381752861098,2152.814793374706,0.13684369353156434,178.59781007751937,8359.974774274015,8.437953860392017,13.008725663026997,0.0001457014795240439,5.008779819591061,-0.24290972313530057,0.9861990363009142,0.00010183086253287289,768.5569314641745,0.8204977855732918,2140.800696857018,0.05999184058272289,178.36580996884737,7794.645855963881,8.393063756022308,13.768809228581706,6.911249895806394e-05,5.845204424092138,-0.13946664220612093,0.9343900318825428,0.00011382028034437385,588.7288750145419,0.862438942132298,2139.882042709831,0.06654437259371258,178.44384767518514,7970.799295824796,8.411565158104256,13.619253133319493,7.975384276196336e-05,5.659530431763006,-0.15965206122972256,0.9517665785834465,0.00010267188849583941,721.738804517134,0.8314418106488645,2140.918834307213,0.05986855924351726,178.36972352024918,7841.9365327117375,8.398328534690933,13.740085439027734,7.128459447492835e-05,5.802258862695998,-0.14336119874942635,0.9381873290476366,0
0.00014309366162789126,339.2075341005965,0.9290881951136075,2391.75645468372,0.09928803403815933,233.44325447570336,9227.818284634297,8.553059263486766,13.195777736681704,0.00010900956783320873,5.262992294314897,-0.2469838682295497,0.9877881716417619,8.723233424055522e-05,1125.7968682737846,0.7645780031395625,2391.018858236046,0.04337456167941604,233.716261300043,8438.278564670436,8.499715051019074,13.785802915400499,5.0485141469951146e-05,6.124766469494629,-0.16871516115407212,0.9597634336544537,9.513812543192545e-05,883.0055659620023,0.8152179287849807,2389.3161283339905,0.047025539864366216,233.70099009900989,8674.258947373994,8.519366474918694,13.672455327913612,5.913465588972351e-05,5.950761932525723,-0.18362933024392872,0.9679831588006834,8.663875942330451e-05,1099.9845027981069,0.7699797978824608,2391.0606387433654,0.04047304308158066,233.71814464055097,8464.258052175377,8.502663638200582,13.784838126706516,5.1069170228784236e-05,6.107926014656547,-0.1688480544655881,0.9598458112021397,0
0.00013444861115782233,344.6110372761217,0.9348489783109685,2644.70938706802,0.10515223349154135,222.9762673248528,10234.226510995955,8.616440185907882,13.36744832528454,0.00011039446386042713,5.266802673344612,-0.2360638222177965,0.9859335590773273,7.530135714073565e-05,1165.5557645108856,0.779524202257317,2643.273720844427,0.04297825895875046,222.94045835591123,9407.539118866815,8.567790643210982,14.055664646629735,4.9836599574142635e-05,6.1505871664264005,-0.14508791990194025,0.9429028625419683,8.256837859878385e-05,921.4714693748032,0.8255001121941034,2640.3210940736953,0.049657431885726584,222.9204696921612,9639.812906919986,8.584814089690457,13.935974208461797,5.811496850399814e-05,5.983443273380855,-0.16072965037687278,0.9552280284994704,7.516775492713936e-05,1150.2968157332743,0.782411532768665,2643.2853504830437,0.040202549989390685,222.94138271762355,9422.844586198873,8.565648636525616,14.05432585847959,4.9903146684336965e-05,6.1409843269095115,-0.14526675761172678,0.9430622192871863,0
