har_0_d5,har_1_d5,har_2_d5,har_3_d5,har_4_d5,har_5_d5,har_6_d5,har_7_d5,har_8_d5,har_9_d5,har_10_d5,har_11_d5,har_12_d5,har_13_d5,har_14_d5,har_15_d5,har_16_d5,har_17_d5,har_18_d5,har_19_d5,har_20_d5,har_21_d5,har_22_d5,har_23_d5,har_24_d5,har_25_d5,har_26_d5,har_27_d5,har_28_d5,har_29_d5,har_30_d5,har_31_d5,har_32_d5,har_33_d5,har_34_d5,har_35_d5,har_36_d5,har_37_d5,har_38_d5,har_39_d5,har_40_d5,har_41_d5,har_42_d5,har_43_d5,har_44_d5,har_45_d5,har_46_d5,har_47_d5,har_48_d5,har_49_d5,har_50_d5,har_51_d5,label
9.92383399720738e-05,2279.0585492227997,0.6531075917567839,3284.9645813304796,0.03817363024228546,199.0539331135186,10860.79977609915,8.619026496378417,14.029447745692796,3.3613855252761384e-05,6.615246034906845,-0.16503514558292048,0.9590771300785723,9.109133733763947e-05,3148.7232667160106,0.5232262922110015,3302.115044596312,0.032431753163750736,197.9295830249197,10059.736911669228,8.582015009641651,14.101290070967458,2.610420671166417e-05,6.8458505511735845,-0.15520153958295024,0.9522435725823504,9.454586174162808e-05,3090.5807599807595,0.5334311180395449,3312.0305269766286,0.032664824630561876,199.112554112554,10157.541347925784,8.586517427109573,14.103709340059574,2.6403355210574965e-05,6.8338530584590105,-0.15597192357726103,0.9528844693647203,9.341315163523056e-05,3294.2693313594846,0.5014298202075759,3303.7167733648166,0.03189285749699617,197.9773994571921,9920.59776209978,8.568143303135304,14.090436408384807,2.5953766659673524e-05,6.870180446864283,-0.15672263274865267,0.9533744263710607,1
9.143007770377536e-05,2305.5934405940607,0.43473738027431685,2039.400236400681,0.026776424609159487,204.84096534653474,5852.007505008682,8.225806916375479,13.67868318269283,3.135998900865946e-05,6.632016962466489,-0.150783594102643,0.9447468032532953,8.819169468349693e-05,3352.2724609374995,0.1852493628467481,2057.2383181254045,0.022055255664824358,204.81640625,4876.680811564125,8.120171251339464,13.710221078562267,2.3227796047955265e-05,6.895024528850252,-0.14782374123204642,0.9422894869478029,8.83133291405238e-05,3044.421287593984,0.2576438370995095,2050.5125704749244,0.023564458154334472,205.999765037594,5157.628994305698,8.158469177108612,13.721484064674268,2.5756628155599417e-05,6.826664290752385,-0.14638132438647478,0.9410104846302484,8.905596203274006e-05,3214.7158203125,0.21651936368309166,2051.560479799906,0.02265317627619364,204.67382812500003,4991.526098887116,8.133939531370878,13.704376500893076,2.462204531608926e-05,6.866166138326796,-0.1481686339083425,0.9425611862067358,1
9.524141402537436e-05,2138.6936708860767,0.5288725518921207,2269.7612710482063,0.027195571928731066,197.2421396488363,6940.351413306744,8.32411637764499,13.63187888290861,3.334853657819182e-05,6.575160565780142,-0.17043252000743067,0.9597464861896962,9.008755640923959e-05,3130.253792502178,0.3183575191879001,2296.1111437573854,0.026578014902910063,198.39468177855267,6054.190782527345,8.260810490621488,13.677870800258411,2.55021636503255e-05,6.844631876005318,-0.1667153072562072,0.9575475139627042,8.926380455624686e-05,3129.667905405403,0.3239394248170741,2314.6357148237857,0.025769265754749977,199.41959459459457,6128.874953889703,8.270636824493021,13.69748693333732,2.5651924393202025e-05,6.843729000160517,-0.1653662393882273,0.9567409604532949,9.105288881423228e-05,3213.932519616389,0.30187532967187936,2301.832793063906,0.022359472816236646,198.546643417611,5993.398652639247,8.248861322831859,13.671864805297435,2.4759926386895107e-05,6.860351241932516,-0.16776402404819388,0.958235254250537,1
7.951378107473428e-05,1676.2395007342166,0.587129428077006,2029.981808738422,0.03660579144906222,173.40436857562406,6443.687734219504,8.252421119142385,14.120987033295357,4.10712131220363e-05,6.410893237042374,-0.077831371594866,0.8254192367368515,7.409806343506015e-05,2169.7489114114123,0.46764786539737324,2037.8888055281532,0.03128875487759962,173.17120870870872,5981.806310701195,8.218335114197956,14.213571152368864,3.463990978004916e-05,6.591360650717002,-0.06554979542648683,0.7863563084607396,7.514893575881587e-05,2115.364441993018,0.4833906886879768,2047.354156877921,0.034687837094292025,173.8186063614636,6074.052185518685,8.226007499010928,14.204158620403314,3.516366966935234e-05,6.574264230855809,-0.06790310669888816,0.7946904447523515,7.422399877355172e-05,2178.6039789789793,0.4656656236803586,2038.614840752568,0.03229158729800982,173.1928303303304,5975.85538403126,8.217542121027721,14.205329594753792,3.458369808250866e-05,6.593878451971623,-0.06675897808238007,0.7906291784311551,1
0.00010914794912047566,1787.8059523809507,0.5172343980735566,1851.6293883064882,0.03093974208237399,188.12921245421242,5618.711600844974,8.173056876818688,13.435248390140078,3.800349186085885e-05,6.446913620134726,-0.16480894265908996,0.9541816569828635,0.00010210444072878173,2879.577585377585,0.22785155487154368,1864.65284204421,0.02400667206643643,188.40163540163533,4579.033782799255,8.05837997507529,13.505190550289635,2.6767671337764964e-05,6.78282128005023,-0.1563491863277491,0.9480471675408025,0.00010130944641338079,2640.6153351698804,0.2933295658333351,1868.3499460988587,0.025785182899436147,189.7743801652893,4832.784449225539,8.09197225007438,13.51927031464408,2.8591318812763063e-05,6.723745637975153,-0.15570073764234665,0.9476223946362466,0.00010383502446994759,2681.728427128427,0.28181540959000007,1867.018913339165,0.023776460447220198,188.8757094757094,4786.347226228252,8.086366080772946,13.480441203761913,2.7811649804169835e-05,6.737961083411405,-0.16017974105709837,0.9509846482629124,1
0.009624251159076573,1521.0612540345548,0.7820024893812921,3488.7124392328096,0.14165919479550262,157.09277102715012,12433.788502896696,8.154747924357693,12.943287555666771,9.065032586393132e-05,6.120552414699492,-0.187561339777566,0.9650702468626078,0.009050739567335847,2484.566246249176,0.6431654734312203,3481.398325072517,0.12654566322861183,155.8333048718012,11441.02705404085,8.112891883387348,13.110601702495916,6.971035282146473e-05,6.4717200409112365,-0.1582737706850716,0.9460219585840568,0.009024064150548506,2275.504154132648,0.675136661810176,3502.2483097231398,0.13203782476714193,157.42279043117043,11733.48908475992,8.131296064399821,13.095891248874192,7.523006178023803e-05,6.397298684244257,-0.16572346385006315,0.9519349442167758,0.009133642110680188,2369.092678880729,0.6597824433964239,3481.731957826649,0.12963790607683573,155.80161498865613,11557.835152425832,8.114965652618519,13.085095881898438,7.335638534541035e-05,6.42434543894572,-0.16186268253060165,0.9487838342377382,1
0.0008799782842790458,1252.884559585492,0.7644734240414393,2659.751992925684,0.08184506038991529,138.16531951640758,9386.123412117257,8.2547032878958,13.129716011622437,6.490394032074514e-05,6.108804646190739,-0.17690379247321172,0.9600875964642787,0.0008192487048227976,2239.4731463283906,0.5777569236531475,2651.876693519517,0.06831374256003693,136.69472931927825,8368.033627749668,8.207231037398348,13.303620961120993,4.595635023954476e-05,6.514325743074833,-0.1479453101629794,0.938412829479058,0.0008570014149591006,2150.408986415886,0.5946560539004987,2652.573212340556,0.07317672814258752,137.98300243817494,8459.88386294636,8.216981443195756,13.296399411247865,4.8569649597264335e-05,6.476296292626972,-0.15260245641290224,0.9427764700155419,0.0007916668648487333,2262.9743433982503,0.5739419248850767,2655.7111290378043,0.06797843547071936,136.79110237627307,8359.870172752959,8.204470765458225,13.30316566307335,4.5818067950304353e-05,6.520020977002723,-0.14821817797223982,0.938676915523395,1
0.00013368504871017912,1360.4363295880162,0.5670103452052069,1570.9801776127515,0.03530094020315242,185.07607677902627,4923.48438086301,8.088016700039384,13.125455476592666,4.9158101141977496e-05,6.251496273053776,-0.18175231988834448,0.9630633619717563,0.00012735264461687356,2337.5140128968233,0.24175262137022852,1541.3927425116472,0.030248430857820634,184.17596726190465,3828.05695714974,7.933793837297566,13.18064147833027,3.303671609765254e-05,6.6354062950252235,-0.1711891048042102,0.9566668494218825,0.00012429448137781912,2271.520627062706,0.26249748414187934,1540.0087309666178,0.031756089885451186,184.55504479019328,3888.5142968037544,7.935956121395122,13.217754441503397,3.456285150690899e-05,6.613075303600647,-0.16638109538799326,0.9535026840841785,0.00012824456677925706,2268.4368799603153,0.2653503770695873,1543.89031802116,0.02831853517114657,184.07378472222211,3907.1243921243076,7.948307327915005,13.164174241817284,3.482497383036693e-05,6.609696691134859,-0.17364265097693748,0.9582153459410278,1
0.00030252952083421924,1307.167895221799,0.7679973248222675,2817.1397037133274,0.06411106701354914,149.40068448071608,9961.390919631522,8.378152732345143,13.420094456459005,5.520244362327982e-05,6.179449535213241,-0.17212530923675015,0.9592383429550385,0.0002634911113753224,2210.727368851899,0.6039827441811858,2791.200808006389,0.05415616582934261,147.48417354526228,8954.075863173657,8.324471208149582,13.591592865956567,4.102533276268097e-05,6.535959960067883,-0.14393923510216539,0.9372988792937264,0.0002701281938821627,2097.9446055394455,0.6232616418642772,2784.3522702613154,0.05729691520347373,148.58680798586815,9039.464475505807,8.334517126062089,13.572253146735061,4.300992184543183e-05,6.493550361735557,-0.14894172148217785,0.9420319638185937,0.00025770200285610376,2218.9570912067666,0.6025183903687473,2791.2701335607862,0.05129296458476655,147.5352343270346,8946.123443036362,8.321493818955812,13.582684876689454,4.10825997147436e-05,6.536755109061353,-0.145244795287885,0.9385317865739642,1
8.41734162568863e-05,1982.9850992191382,0.6595556574730175,2912.3484392488954,0.030521533257443292,210.84869976359337,9666.40865777641,8.550375627572448,13.809593381673404,3.441341233478736e-05,6.523424068007916,-0.18574564657166193,0.9699744841369121,7.699159933701602e-05,3532.175946883958,0.3912474234687598,2901.1589297993596,0.023765193890378192,208.47593179417544,8072.459772313421,8.450313458340506,13.906931876341666,2.2498163838362003e-05,6.935221921876322,-0.1714518298246042,0.9624518553841576,7.71390533667856e-05,3423.5915913727763,0.40654559484280206,2884.460509199467,0.022609087417294664,208.47602739726022,8114.250445425088,8.455320572153422,13.913115364759843,2.3179301844556385e-05,6.911015295308825,-0.16965464538924213,0.9613356789187049,7.674682013025138e-05,3574.4748000603577,0.3850601432448563,2906.3612976086806,0.021192684700478977,208.7264976610835,8050.970390374328,8.444920495717723,13.90839970026905,2.216415686238276e-05,6.942736388414326,-0.17159788239384938,0.9625552819454611,1
8.922364747047354e-05,1625.5561497326166,0.6603990624221298,2393.3328354841015,0.0364057100811074,172.3696375519904,7947.775192203771,8.295721129330076,13.952117344059005,4.072395537622525e-05,6.385135435052732,-0.11081256511560465,0.897435102369362,8.326922875057032e-05,2422.6913136238954,0.49809409230198975,2413.491529453753,0.030255809396782987,172.5303261200854,7231.2748041911,8.260983113454145,14.060133443256973,3.2230489753744796e-05,6.6573728776298235,-0.09709610298376856,0.872838615147167,8.430545457733244e-05,2187.163671354555,0.5417135974296734,2386.2410700903583,0.03270631767521149,172.94078460399714,7357.8006090068775,8.274248162737187,14.03701845726324,3.467235208305037e-05,6.583854675623742,-0.09987824789879429,0.8782815426896267,8.347963360015602e-05,2320.6516001219143,0.5193233745181203,2413.9426353376966,0.030869085258510585,172.51109417860408,7335.118941228873,8.2657239097739,14.044459326242512,3.349614836829997e-05,6.6249848225311885,-0.09923643191454548,0.8770776732112117,1
6.467239284734128e-05,2720.3335998294456,0.5752945701829886,3202.6122211358597,0.02789998684991884,225.33455921543543,10090.115284714033,8.62864563043422,14.186006856948325,2.762805376778215e-05,6.750346808130292,-0.1565729179997298,0.9540265522165147,5.961809064068265e-05,4566.250403517559,0.2846304998141863,3191.5327689617025,0.020283961276701207,224.35348138253454,8199.880672329266,8.503150768069949,14.267054380916477,1.7682305238202228e-05,7.1192554453728665,-0.14531287908503826,0.9450259584797858,6.0545659431639235e-05,4222.015864450681,0.33764040775984877,3187.1025300407346,0.02216979120035031,225.2763867904167,8526.394255712228,8.52907691885558,14.261728760797398,1.9423285362442816e-05,7.062366752635558,-0.14626900424848369,0.9458695220048501,6.0956326340288835e-05,4396.251349696666,0.31174609587798285,3193.771458009249,0.021735046312978706,224.5968720431902,8378.834482340368,8.518175934463294,14.248135920818498,1.8441742381099494e-05,7.0901129583248235,-0.1479122795987149,0.9472504855396965,1
0.0001046918044077103,1725.6479545454554,0.5464442424531378,1902.3548106620146,0.030222494657458337,193.47113636363633,5883.771288102616,8.187509553987622,13.526965875970916,3.863683770582811e-05,6.42567506633144,-0.15067042064195021,0.9432164978595918,9.925359032501694e-05,2596.153571428571,0.3130800616879082,1889.706082638886,0.024188176168289346,192.28499999999997,4962.670759126988,8.091235225258831,13.589726670584444,2.8635521904336245e-05,6.713363101154302,-0.1407389558718817,0.9339227799561473,9.663564625850291e-05,2627.822933333334,0.3192717454284998,1930.155620606256,0.02793263624640123,194.36388571428574,5092.799549091702,8.112719887294864,13.621890147224,2.8908468154106608e-05,6.721407224309386,-0.14028939583192582,0.9337710585875493,0.00010033068783068585,2612.6119047619045,0.30833676289786177,1888.644476543208,0.028684954461153413,192.2622222222222,4941.966001410932,8.093790028902863,13.578944012904191,2.908798265844756e-05,6.719457906417049,-0.14217110178826392,0.9353359053418625,1
7.708994700590832e-05,2655.6124144948826,0.48013401948189666,2554.1317512719907,0.024246601590750122,232.98038328904966,7560.914590593107,8.407318327398766,13.967778585663527,2.8137850613986957e-05,6.72928046184894,-0.13589261777730946,0.9324773900438912,7.355686929376738e-05,3552.321134868423,0.30718736193466645,2563.6953915767335,0.0224706083633906,233.1530192669174,6702.4604314385215,8.341986176286193,14.02483464672451,2.208301376626566e-05,6.9415530226165005,-0.12875433928575986,0.9245824852499769,0.0009087088027438599,3297.8717164855098,0.388886847814667,2698.249665133506,0.050967374702949195,229.1311141304348,7495.12694404857,8.222293727570932,13.81277573094571,2.5726897053998057e-05,6.870242424837029,-0.14965144384966564,0.9449503726856567,7.314453953109706e-05,3797.593867481205,0.26118162012738544,2570.045609948129,0.02224443688269233,233.31731672932338,6482.5885723113315,8.322280134891706,14.034370301091093,2.050680130007464e-05,6.990386640733737,-0.12793169334754276,0.9236446827357878,1
7.310578802225103e-05,1995.0141287284146,0.6325824194315713,2714.913812292207,0.03438514208859386,188.00313971742543,8864.64112044045,8.480477746781126,14.120654460832913,3.5326127517191725e-05,6.5301037589923965,-0.12886130406280688,0.925743536015226,6.512503460000333e-05,3284.159666259666,0.39795992983077205,2727.5258151309627,0.02547564706510643,188.11847781847786,7625.943594264158,8.407132737273532,14.248108085590056,2.5041972042341265e-05,6.879106741488153,-0.11262939404272922,0.90410809977124,6.494327466447882e-05,3267.808160031692,0.4037262670509582,2740.19127412321,0.026800407756803625,189.05704099821747,7692.956936461167,8.412599028598486,14.263010511135327,2.5180424813431153e-05,6.87554181436983,-0.11184533132336988,0.9030136479636028,6.410877595248708e-05,3522.095563695564,0.35450132777235094,2728.197373002049,0.024663408360464045,188.09336589336596,7390.693928312598,8.389285862319195,14.262525872947045,2.339656946974092e-05,6.930414358673023,-0.1107192799349247,0.901148690975421,1
7.836263976660564e-05,2370.0661308001495,0.5188155868677617,2462.7420029800614,0.030181729879108637,210.08232858360742,7480.901881120124,8.405239274448117,13.928728791608084,3.1279183634834576e-05,6.652981982183221,-0.14777347746605254,0.9442792175932833,7.364164657582304e-05,3627.1093312992643,0.26466931026869656,2466.3116757881035,0.024180527914854172,209.8853292651921,6238.137371853154,8.30035230194352,13.988304894621233,2.235888388745212e-05,6.952819529059288,-0.1401808217455211,0.937338381464354,7.366553770288468e-05,3491.8550484603124,0.2911706612747095,2463.1140795750907,0.024982432024881228,210.64219114219117,6360.601269840037,8.312704218882084,13.999725545694776,2.304025764201037e-05,6.9273216014949694,-0.13869963340907354,0.9358809885675187,7.380528570049777e-05,3503.451754385967,0.2886240722671849,2462.447503355641,0.023561575081545244,209.87712941774737,6346.338259036616,8.309534409629874,13.98256192725674,2.3031224954611715e-05,6.9288497689255415,-0.14071022479087,0.9378347681887297,1
0.0003105956738542959,1548.503499911396,0.7690063500771075,3351.8313175022067,0.06354978769611164,167.9995126705653,11858.821770097431,8.52863914190764,13.564771931707282,5.003358166479657e-05,6.295613417272385,-0.19370545767166764,0.9723624733068676,0.00020755600201264481,2641.0886386803804,0.6073607450462639,3363.250878967232,0.04372040745697909,166.33569641367808,10811.91487718853,8.509208178827704,13.768577592022968,3.307101438465416e-05,6.692996278593769,-0.16355804844909577,0.9559938268747148,0.0002451276304493756,2398.1272653319443,0.643534718883021,3363.759940122979,0.052904324234972544,167.0512947982103,11056.912495159944,8.51808715818865,13.7232125635896,3.673852090350706e-05,6.61426244276165,-0.17103781084789185,0.9608384867231211,0.00024853862978396323,2513.5150125104237,0.6264130190354958,3364.0291827370384,0.049282241876628205,166.1914095079233,10942.601718437712,8.506162834944654,13.74394924351195,3.5726993903121686e-05,6.646013666541515,-0.166654386247403,0.9580230369293603,1
0.0001375955089396613,1490.6123130341875,0.5651706476407998,1714.0198849810367,0.035810866083351704,193.36258012820514,5365.467226889945,8.159421288855368,13.065543669039316,4.330126006562222e-05,6.319361344501967,-0.20465635818089745,0.9742402229688089,0.0001312173676350205,3028.2355051664763,0.12602472163740303,1732.449177990431,0.02634143578964839,192.8925086107922,3901.5612067952825,7.957622282362539,13.103123218818393,2.6620609240625193e-05,6.813992863485349,-0.20125584525635645,0.9729937464575072,0.00012510825919071538,2915.469533068601,0.16608018793636062,1748.0514858220631,0.026648129682885702,194.58085718197987,4076.7364102196734,7.98555580663284,13.169802233720304,2.7755267600352763e-05,6.783433745182705,-0.1941110167996562,0.9700809695641219,0.0001325767062418187,2669.46067738232,0.2305333990673807,1734.6176391196514,0.0263273903817741,193.0129161882893,4269.009879096317,8.014970163915393,13.09502845062709,2.8869936043776775e-05,6.726801639590532,-0.20255058359654773,0.9735133578616929,1
0.002989513147299038,1272.9933862433857,0.7739318563888277,2815.5081160680493,0.11006297424461284,146.43014027316354,9989.039078028796,8.172053701604916,12.923834858652544,7.494500011533245e-05,6.069679050537371,-0.18861484953901075,0.9655141029282467,0.002758036690077657,2131.3550676424957,0.6181886645874696,2791.110255199301,0.09631415623325251,144.91081329404693,9033.085953154721,8.117691340686989,13.039301417906316,5.891368689729723e-05,6.40860607670748,-0.1665951090195055,0.9520969377350568,0.0029349154600137174,2078.8269954935463,0.6238120465613011,2763.0164343264933,0.10494107415399462,145.46919562935977,8973.238741812405,8.119527119667836,13.038386669061644,6.308048993431945e-05,6.3806675238883805,-0.1695582887547976,0.9542967397241586,0.00284787250272695,2179.728447866175,0.6095892798193783,2791.5837542290647,0.0984082812990813,144.92142698729535,8986.606569050098,8.113332329316238,13.054749137469173,5.8363326920604124e-05,6.427664002614532,-0.16444380670306807,0.9505710952029668,1
0.00017968154434855007,887.3752147502755,0.8206755506360476,2474.217034815145,0.06637503765623799,148.94513130445455,9009.492924510298,8.349527917169663,13.592938566302795,6.587847462435668e-05,5.928696900620828,-0.14677879347196443,0.9401516553933336,0.00015414504814107745,1400.3445843196878,0.7150885217054328,2457.508192898925,0.052898657429702636,147.513913493345,8429.688187276013,8.321665881963666,13.78070963445895,5.164297808144904e-05,6.2383146713917546,-0.11808188429547038,0.9069736421517639,0.00016254680133273147,1324.6602692461731,0.7284509073605532,2439.080639840321,0.057079572231472975,147.58017313083388,8431.662290115135,8.32196978838342,13.738606263639973,5.4649463317643994e-05,6.188968598637351,-0.12359179937472224,0.9145032232448942,0.00014859916155893804,1458.4546380923998,0.7032763618512884,2457.59766089388,0.051587523972335916,147.5086459623434,8371.93600548312,8.320221831001538,13.798892341920002,5.055878648140706e-05,6.264666200891936,-0.11560131223944535,0.9033484341273867,1
0.000123742130340439,883.0349620617476,0.7146715146945544,1547.4006409077128,0.050656255658873384,157.37431318681317,5306.56760156911,8.100406841302268,13.468639728754054,6.046123933325825e-05,5.950909534227934,-0.11933856574012568,0.9049925804533672,0.00010487860032203216,1570.2083897616467,0.4943910078632206,1552.789224659281,0.03501820348268529,156.39974945828814,4640.948508875481,8.032472400228363,13.678585848876462,4.249551532242766e-05,6.355256008962582,-0.08941883591744856,0.8497440322688593,0.00010492112750125721,1506.212887654566,0.5192946764802447,1566.669655981731,0.03702193782400806,157.35241023606423,4760.4657362723665,8.046836675569649,13.679435411912232,4.396967839615864e-05,6.325202686176771,-0.09136052487278004,0.8544397358241375,0.00010640489296936552,1523.3553290899242,0.5094887359142108,1552.8240028586833,0.03658140926648083,156.31544555796313,4687.940682344815,8.035889743119363,13.660224907965521,4.363107910996018e-05,6.332760460099033,-0.09181495234129453,0.8552238375098044,1
6.812857427263683e-05,2319.436403508772,0.6480438641750437,3295.0645938764337,0.030293622684496216,221.71136173767752,10860.821971996964,8.656316102881497,14.127676158881307,3.217651373066066e-05,6.632269689840086,-0.1673380928839228,0.9613652076098547,6.252957092833678e-05,3555.2934687636484,0.45889944995905335,3285.242889232515,0.025687266333249505,220.8170598514634,9585.678088166394,8.597731792439358,14.224662652111917,2.286944472845619e-05,6.936385130959057,-0.1543278802945152,0.9525441012006931,6.278220124186903e-05,3404.8456276183915,0.47763588523274647,3259.073059732935,0.025621037636557605,220.79736967704315,9631.446611313339,8.600710555598402,14.221979039224355,2.422983918314476e-05,6.9042154392263555,-0.15382048868625953,0.9521082198526588,6.245501735750462e-05,3455.263051550892,0.47413452097603603,3285.3107775433855,0.024822166902173565,220.862112276103,9685.980058622627,8.601987611350138,14.219569396802202,2.3263530244276727e-05,6.91811399824714,-0.15503042861398056,0.9530704197967218,1
8.537309809082116e-05,1646.1636112071965,0.6260752689783731,2201.1964904134175,0.035660152901777625,175.3649832814482,7158.622350446498,8.267897473822481,13.988365609143251,4.061188129072089e-05,6.392745773228118,-0.10399362133981542,0.8856829330806767,7.731194481038057e-05,2581.2427190260178,0.40819883866615275,2180.836138618096,0.02754497081704503,174.3539030794939,6142.10183544633,8.195631883907947,14.11677380306598,2.995155735750669e-05,6.710156414697934,-0.08463457325965039,0.8442721255872666,7.77555109891913e-05,2501.031207994857,0.4250897389766247,2175.149216803743,0.028974277579197426,174.43130150195782,6199.565659220127,8.207951354479015,14.107241570503124,3.104479515827495e-05,6.68498563788876,-0.08556763264688971,0.8465525913742887,7.779989991292654e-05,2532.317886130339,0.42019770919559796,2183.777061847305,0.027718267668238494,174.45383743136787,6202.790361258842,8.207017490567766,14.108546263612148,3.0784893335050535e-05,6.693714937800394,-0.08599554050768206,0.8476705431250614,1
9.598042404701354e-05,1789.7228371776616,0.5898810724787381,2181.955912148049,0.03319900327343088,180.23535959433548,6938.100811414497,8.289939257477588,13.707404276001455,3.777767994386658e-05,6.453725702640076,-0.14790181874691147,0.9423369491207702,8.636457867628816e-05,3115.197972182504,0.28874574046944645,2189.93273533336,0.024893773602993368,178.6300532952035,5644.532969150921,8.171885390710482,13.809854131179684,2.5642430971047935e-05,6.843551802986667,-0.13281692802784367,0.9272514864981717,8.52657160771207e-05,3152.181027966742,0.2776229558241852,2181.8114607747393,0.025077507406750417,179.1376921138826,5575.064815132213,8.172718238608818,13.830521786566443,2.5743446594204306e-05,6.849402406439657,-0.1299912904469972,0.9240163672304705,8.478048882529242e-05,3200.201611854934,0.268410111594755,2187.1554422593863,0.023981617731436138,178.47211750942424,5548.420157182598,8.170022940525094,13.8299000606,2.5173936936422026e-05,6.862229584880131,-0.12976843047022257,0.9237301052859451,1
0.00011072174527631005,1083.6742275857707,0.7459779010339971,2133.031401592373,0.046770096640381745,158.14614266759338,7448.4513787837095,8.302745565747195,13.676697072307105,5.3966822608187796e-05,6.095685834555182,-0.13324259223891213,0.9263182253177346,8.962421866356505e-05,2570.7928373565524,0.3757697931841767,2059.1704865341944,0.032390406194406016,155.38490964252745,5665.889108780251,8.180128236217705,13.933445518318447,3.264912129212995e-05,6.6856788849074755,-0.09169363700449208,0.859006159261799,9.404003588134473e-05,2368.6073347575584,0.4246829620565078,2058.523543144398,0.03524101275623897,155.8422671068816,5865.48683782003,8.20358295449973,13.904039534382784,3.4976760116448623e-05,6.624787711578216,-0.09635631172267556,0.8690564721381521,9.271814019459887e-05,2356.756265664163,0.4273985907482222,2057.937884525778,0.0343051272219798,155.35559292969273,5874.995272438955,8.195443128953666,13.897407342861824,3.492442817385898e-05,6.620931673351469,-0.09646521368201343,0.8691970918561629,1
9.005146784591905e-05,1811.7748905109509,0.6714177776828031,2756.9581788907144,0.03388916927261687,189.87708029197088,9216.05782505194,8.469803219993674,13.82150459967971,3.816682753505144e-05,6.45601767231595,-0.16396506121709548,0.9567126167626315,8.08569538423302e-05,3173.29373479319,0.4272963289748988,2770.449968579056,0.025812541281224326,189.8520072992701,7908.506139523059,8.399858117504065,13.936925059267153,2.6024747056777235e-05,6.849236319275789,-0.14904128199994984,0.9455223261000859,8.127107716722953e-05,3006.8460680751164,0.45545992186678663,2760.9042830999388,0.029576686764295257,190.52306338028163,8036.771064324632,8.41720121653644,13.939333415894033,2.7200742836079724e-05,6.809916417932886,-0.14897999753532407,0.9454881546084513,8.204648918725495e-05,3103.8964720194676,0.4395104018846853,2768.915321940427,0.025840803591783097,189.80510948905112,7971.764815742274,8.403788894521359,13.931927913527462,2.544035739371281e-05,6.841139069666246,-0.14961672642492965,0.9459998250320631,1
0.00011715141715693718,1553.6912580596786,0.6792205081603931,2421.7434368225267,0.03947894321302867,175.0803718698456,8133.282489230423,8.353657190838213,13.490582956843149,4.324997275738505e-05,6.347535008101858,-0.17926832720609473,0.9642666565074697,0.00010608702304791347,2592.2495300751866,0.4534998764416298,2371.6824739183376,0.02951011321950129,173.32597117794484,6894.48036559816,8.27397186288041,13.582293254576284,3.101362200608041e-05,6.70152060536522,-0.16345303288943586,0.9543948216797538,0.0001053589578088142,2450.7845888355355,0.48810966893986063,2393.857082394871,0.03166418314688264,175.81805222088832,7124.6437407439735,8.310241773270551,13.602012170252015,3.239278747900822e-05,6.6611530641112005,-0.1642310794081384,0.955138731309766,0.00010533865698865484,2556.314379699247,0.4609867065699232,2371.2906628256123,0.028014508292517896,173.2769423558897,6928.848271603205,8.279867604315331,13.585120438381228,3.009151303348253e-05,6.699929410074919,-0.16304628124564152,0.954111493237502,1
0.00010216442949244965,1887.382898021894,0.636882717436597,2598.8612889725964,0.039384357366255826,172.21936815824847,8508.062257868496,8.420484239565047,13.814966990345777,3.853242856635361e-05,6.480422515027521,-0.14919128862624192,0.9445482961156121,9.381868004496854e-05,2640.7794382247102,0.49273896813336676,2602.9788139915754,0.03355355365207919,170.90958616553374,7771.135817741582,8.375510669221306,13.891870645766932,3.075500481457522e-05,6.715470712985805,-0.13746584487343652,0.9334572923874501,9.692499062883243e-05,2624.952129207487,0.5015705215884992,2633.223196963825,0.03632576266033043,172.42307692307693,7907.940658647778,8.386845178468356,13.894484422652106,3.145459990160345e-05,6.706251319080348,-0.13999641153857134,0.9362204728585066,9.45006343723937e-05,2839.5725209916027,0.4547403148041234,2603.871694614215,0.034743883560100774,170.95726709316273,7575.91425746524,8.357791609075768,13.90438593228744,2.9707968595328366e-05,6.759663177215431,-0.13581952734508546,0.9317447683898631,1
0.010609942047990265,1443.5659760087267,0.7718584418324824,3163.750584513751,0.15010995719143633,148.9457909733705,11211.436362046272,8.063017659826818,12.653337542809112,9.952150917996696e-05,6.057962950542256,-0.20754679918293376,0.9729418357017611,0.009476545598368602,2662.7353156316303,0.5790697771559804,3162.917713107924,0.12633737379162183,147.38749908565572,9988.935536800072,7.998890985839818,12.838659038426435,6.8647905807085e-05,6.513099374299258,-0.17296009585251015,0.9550040525745919,0.009051193463284347,2663.4155584155624,0.5766832274034676,3145.88947430403,0.12498965838665659,148.0762190762192,9920.142338800553,8.015109566723474,12.888772526923422,6.728740939801532e-05,6.520807542318119,-0.16997207989515706,0.9532863459591332,0.008791234196091676,2908.576110013899,0.540477750476379,3164.782677040299,0.12181086296407144,147.43552044473697,9750.554598147326,8.003239184541888,12.883709603462783,6.330188613838468e-05,6.585682476407782,-0.166669275954267,0.9507449807892623,1
7.173414269867318e-05,1810.7365825062143,0.5250815045728345,1906.3656184600359,0.032906274087328435,177.38240109967853,5814.725891333925,8.210681914413733,14.16706198865077,3.695126805415489e-05,6.467234548258323,-0.07083722293475035,0.8041694154738163,6.782530065066419e-05,2448.917445094862,0.3533763792258413,1893.6189202019468,0.02744778588537404,176.3005148005148,5125.558235712884,8.14255347288807,14.245884563012243,3.022801956559566e-05,6.681099750976325,-0.058612425555466044,0.7595527534848001,6.84239413230731e-05,2343.5758594004556,0.37853220314256514,1885.516732525146,0.03011426177526228,176.07757005539258,5198.49107070014,8.150154298497368,14.23957946058803,3.11567167124196e-05,6.650933835231262,-0.05866266582187864,0.7596581558621083,6.737716662224259e-05,2496.986216631376,0.34075575881401177,1893.8248229057563,0.02636315539559908,176.25611325611322,5078.313074991624,8.134245348663914,14.25719330246998,2.9551631658792358e-05,6.695380603311503,-0.05703749591762317,0.7530081543846909,1
8.941421639329877e-05,1480.2013901091382,0.5549126981505845,1662.821410494792,0.03844451827942802,161.6856049512876,5171.0842518700265,8.106508353265543,13.926532576584767,4.6292716556169364e-05,6.322683309512499,-0.07130466478801395,0.8018104340715169,8.334578444191114e-05,2063.501082945612,0.3670996801259085,1630.194375123805,0.0315611414642813,160.0527434622171,4457.276417549634,8.03127948308196,14.016190584421327,3.7200355403410846e-05,6.55434189794569,-0.054937348211282225,0.7395631866262978,8.286866439582863e-05,1996.2501969124128,0.3946876765153189,1648.9423058664443,0.03267688511792078,161.09514807813483,4599.519026553371,8.04974336138385,14.024093163717847,3.851220977525828e-05,6.529093516154253,-0.056329493744365265,0.7459318100923176,8.256112168174467e-05,2060.417274987967,0.3679537810599079,1629.9577572374,0.030891780340113514,160.07646799294068,4459.413753961646,8.027380643196835,14.017102304325409,3.7211862964450435e-05,6.553397351951373,-0.05482265894366532,0.739057794844117,1
7.411741056967438e-05,1632.2259013605444,0.5716451272126178,1905.2262563740069,0.03490582283397241,180.74416666666667,5988.679124135477,8.249056475107883,14.157576322835553,4.2123088263695245e-05,6.391320743485608,-0.07146530262224657,0.8061055898544127,6.57023576831093e-05,2546.327926829267,0.33044203510756515,1901.4992430403845,0.027994846944217215,180.70646341463416,5059.6690453322735,8.153759617081361,14.310136091157144,3.0518418115068184e-05,6.707056668117064,-0.05042619191532747,0.7231977390487521,6.623327472380242e-05,2446.9965939238336,0.35917850049565475,1909.2653693864213,0.02970616670758635,181.31950363714162,5190.064883621839,8.170957825309106,14.300783331585375,3.174533692915487e-05,6.677934725846699,-0.05257286570314634,0.7334657183133116,6.561646371814678e-05,2498.415365853658,0.34258623151913564,1900.1848498145482,0.027135215597314376,180.68205574912895,5102.324033404544,8.158396589434723,14.305109956126614,3.080893013475223e-05,6.693863898900982,-0.05101560707695164,0.726021408804971,1
7.00147619571688e-05,1961.9837863890496,0.43605508014493566,1739.5172093165183,0.02964146918221132,182.2622517833044,4996.085050877031,8.142161999057965,14.175771606886538,3.4445600577931496e-05,6.523108332759524,-0.058752953782273215,0.7589616859493247,6.645473134033849e-05,2491.4482670089874,0.2722347821089599,1711.7115559801368,0.026849241501844624,181.40750469043155,4355.397956911562,8.060655754073757,14.241253848812843,2.921456068534452e-05,6.693249479395538,-0.04691008405832508,0.7038877442468107,6.695011712574655e-05,2453.7949670925273,0.28302040265085865,1711.2027846851179,0.027832890594033093,181.7144405729772,4391.016171647927,8.063732575393427,14.238171380796565,2.943679037870619e-05,6.683830727322905,-0.04733159602734761,0.7060804948650321,6.636443932083373e-05,2570.7426878641277,0.248730618496834,1710.9326901626719,0.025088464675382463,181.38414140416705,4272.9880727865675,8.046929034835584,14.24857028958286,2.8140785711599076e-05,6.715987499044959,-0.045847723724308516,0.6982621445389127,1
7.779392384051676e-05,1673.0129530924946,0.5908239298657678,2044.3680303000847,0.03694271856136845,171.92981337220783,6504.459168107842,8.225994233215527,14.141450825233868,3.935225849153162e-05,6.409271187116062,-0.07469582309394904,0.8162261915814794,7.224028308492746e-05,2207.9380755992497,0.45574058105359344,2028.3875655045485,0.0290253182978683,171.67484263077944,5905.61218641897,8.179039732301561,14.247117766733883,3.292101170268944e-05,6.602450686273425,-0.05915345886968581,0.7618395670758592,7.415409638409447e-05,2104.968654853249,0.48094670503595255,2027.6999253025342,0.03274599094528596,171.2604889782001,6005.8310463569105,8.185796343103071,14.221001391400447,3.398970141888835e-05,6.570330972313942,-0.06222787859647066,0.7738387375474123,7.288956317907247e-05,2174.021628577637,0.463997295354973,2027.9950173175148,0.031055802897488487,171.68747868150967,5937.958440692448,8.184242973799151,14.239027472735874,3.341796465608748e-05,6.591823075277419,-0.060208623877934006,0.766055304227575,1
9.040024385327144e-05,1540.1072062084263,0.6479683750020135,2187.4557523308276,0.042188069749513515,164.295842572062,7209.715803114916,8.3430384584525,13.950869071619511,4.331442683152008e-05,6.342591215887958,-0.11030724333741902,0.8965588410359909,7.950015015017472e-05,2486.83605762373,0.43147574061240557,2187.09757460703,0.03221012787641767,163.34913707031794,6261.554240804373,8.267414636689244,14.095761465532561,3.1295481495514085e-05,6.681147200839225,-0.08960533820194705,0.8564332180979848,8.240999168610094e-05,2408.3859370648847,0.4486227420891605,2183.9728629633955,0.035783018335899655,164.2270955165692,6327.5055147887,8.276585590014381,14.078951685366834,3.3328861015906166e-05,6.648579882129615,-0.09280219971570523,0.8636706151498874,8.117895140470234e-05,2528.807645129079,0.4215082894329373,2185.690476575919,0.033804442266523994,163.33441734417335,6213.954261174575,8.263029667829215,14.088495482191222,3.206423497550822e-05,6.683664204937527,-0.09052022034601771,0.8585098099143217,1
7.647791937044789e-05,2278.8969728876027,0.5684955990142814,2640.6416338764357,0.02995772480588897,219.78468017899456,8283.669562618154,8.453665385176755,13.998414856382633,3.266784533811002e-05,6.618305317303397,-0.1433451403990565,0.9406651042854978,7.18784012482003e-05,3295.5253968254,0.36749868875101227,2605.1530156655426,0.024262798098494222,219.4081554460866,7125.086665836789,8.374215691376051,14.065763183000461,2.487376300047086e-05,6.879247927405094,-0.13300259665639652,0.9301679587994821,7.209344643206914e-05,3151.172539682539,0.39830622069429034,2618.584941428715,0.024949204258035276,219.96121693121677,7323.167226032339,8.391935320420867,14.066166724422903,2.551038383299584e-05,6.849662747818566,-0.1336580054727343,0.930934502912424,7.174059124684926e-05,3291.1277504105124,0.36895107725332094,2607.6645025283524,0.024606639116415405,219.30684181718678,7139.530259702908,8.376516541977832,14.068284332601825,2.4578084714623555e-05,6.881769606497658,-0.1327708559561674,0.9299225054514965,1
9.308503907514764e-05,1159.7493090986386,0.7575225452715915,2391.4580231750897,0.04256953922373444,190.09598214285717,8406.082783601712,8.367297686247396,13.908995471656615,5.13840933661799e-05,6.1430654457165605,-0.12453694882082447,0.9177815602614097,7.467377732088922e-05,2882.466301716552,0.39748961415669776,2392.046983291497,0.029183146725646373,189.15490206866195,6685.721631449458,8.270913334459058,14.20716870966212,2.8882092094697983e-05,6.777176380729378,-0.08298212574774205,0.8412489638889142,7.329069434981592e-05,2910.0606281366345,0.39304534482346204,2397.263620368987,0.02823739456760608,190.0391506124871,6678.993853339329,8.275097251196314,14.226600045826997,2.8707458662416385e-05,6.784090358825799,-0.0817329033257752,0.8381498347478342,7.341911196353829e-05,3046.8452354753545,0.3633062353688147,2392.708555297597,0.02711058675533193,189.192451584507,6523.988985715077,8.260334096516187,14.226500239515413,2.771545220833546e-05,6.816237459606256,-0.08046067463677557,0.8346168483632773,1
0.00011736648542274688,1352.0808124459804,0.7534923083488846,2742.4718543054014,0.051322740150766724,166.17123513190927,9617.806604775637,8.453748031024613,13.943427068466274,5.086715675267189e-05,6.232739229048368,-0.12925830401911584,0.9243329692193255,9.384785405983979e-05,2666.103559253849,0.515273641936996,2750.1120115561353,0.035898909274138795,164.97230515149593,8334.344486970673,8.394246323122708,14.20606776671755,3.28541081167313e-05,6.7041303316499565,-0.0923635106981666,0.864479777474149,9.778287470883334e-05,2420.0468873456152,0.5594775158821742,2746.791565238602,0.04037259473197115,165.72293841227582,8567.119373608857,8.405477472600241,14.168993281047559,3.5152362307906656e-05,6.636770109086285,-0.09842070285875822,0.8771056316191019,0.00010025941965965306,2334.602405301828,0.5753935122239164,2749.1365211227976,0.042138557105376034,164.9701878083381,8661.943679189368,8.401901435064307,14.13912013794145,3.6767016101647605e-05,6.605189403462647,-0.10135606738028319,0.8826092679612074,1
7.498290456406285e-05,1752.1628262220365,0.6949577625782345,2872.000351543811,0.03534291507934026,199.49577982601494,9735.838579953175,8.461541009097008,14.192730113895703,3.934654042979991e-05,6.434669769888693,-0.11492514145308425,0.9070897545687161,6.422917625710113e-05,3300.6775976814097,0.4304403983091735,2897.569971503268,0.025775129376090358,199.54089738085034,8289.60228833164,8.40241150855193,14.40120066896008,2.6049441139372662e-05,6.872792181717961,-0.08815819188204478,0.8573370142232988,6.358086847115897e-05,3315.724445966959,0.43159523995506116,2916.693067194603,0.02740284478951059,200.46464992489928,8351.047822811503,8.41164478785541,14.41823611859595,2.5526256408825168e-05,6.880734737461911,-0.0874088725000539,0.8557438172324565,6.332539197649817e-05,3501.6331580077303,0.39566528748449603,2897.097490422506,0.024773340825865915,199.49645770717063,8086.75680368227,8.400792890326692,14.418759011911018,2.4511117476900843e-05,6.918756596866654,-0.08579245641835619,0.8517078390904756,1
8.959865967701354e-05,2301.0042735042734,0.44959887694056394,2090.29758216518,0.027469197708247104,215.6587091069849,6060.18605515649,8.254731489298017,13.722888799466133,3.085077323610387e-05,6.630249267752763,-0.15101433654712323,0.9453638567039097,8.636069525164337e-05,3228.8259698275856,0.23420296593887716,2108.14734597801,0.02363472425520855,215.99253386699493,5203.763414084482,8.164516881328074,13.753640445133785,2.4039470688622076e-05,6.868627196257423,-0.1483335720277456,0.9431809533776049,8.401816902910035e-05,3147.092827626917,0.26002466112191236,2126.484939618651,0.024071133691268183,217.5894332939787,5358.846930847692,8.188860323962158,13.808216790645254,2.486200677297346e-05,6.8491599606408915,-0.1430225375777537,0.9385118335301937,8.641697751856323e-05,3348.318349753694,0.20526997693897406,2106.5759771205812,0.022555861570473925,215.85329433497523,5077.985558728666,8.153100625693252,13.753393279393103,2.362730490990395e-05,6.891904152898579,-0.14818551928074938,0.9430394242247699,1
8.438014226310634e-05,1876.000300403401,0.6179971212752116,2455.4792710802612,0.0329925605871693,202.63046090464354,7945.916783917659,8.361795434931885,13.937284556970996,3.775997222316197e-05,6.4794600376423155,-0.13042982746395032,0.9257234555811439,7.840189979259386e-05,2923.2445518414142,0.3996633896636107,2434.6712340293725,0.027699487734607797,201.28339374412684,6815.440384276102,8.291552619746744,14.032733671010886,2.787274208753528e-05,6.790747982511399,-0.11555643302032462,0.9061537009151258,7.695531262100966e-05,2955.663788592361,0.3934863163360626,2436.6010761185644,0.02821443276868531,201.86394557823144,6790.740515881887,8.292269459049741,14.05266317355732,2.7885123339280248e-05,6.797687017146345,-0.11343636778128856,0.9030327305995974,7.703322565502474e-05,3123.842081711195,0.3577657584827379,2432.011468534596,0.026276412383945326,201.15339866648776,6604.203792427215,8.274441743532122,14.046686814539418,2.636348974723917e-05,6.840050444294256,-0.11356934420445687,0.9031736936302548,1
0.00011608261235258717,1850.1398126911326,0.5019312432944046,1857.3136618010503,0.032041284528214524,172.78507262996942,5579.114834513075,8.16463037146698,13.35238800471765,3.8243910331097646e-05,6.472704729530578,-0.17108820750849335,0.9579989229227837,0.00011326750205244245,2533.1693719124914,0.3290557107830868,1887.7643141348317,0.02716449039551431,172.0541385220284,5017.887884626853,8.11327132441247,13.377971973872747,3.2074993147653524e-05,6.684829020636712,-0.16859263777297068,0.9564651412520401,0.00011123874552689106,2380.2822440717164,0.3718416214240959,1894.6513532686122,0.029114510425630645,173.19375361480616,5198.323169002742,8.136199916915121,13.40643257616164,3.381453593305289e-05,6.636561014751285,-0.165886519334764,0.9547407866303148,0.00011320143611890499,2610.2563766508724,0.30856541242072283,1887.5656667606254,0.02612301727088003,172.0890210706724,4940.006290391651,8.095239322609888,13.373058687639407,3.0182355757536674e-05,6.710293984435822,-0.16938239972948943,0.9569827562258381,1
0.03790732876326951,535.7690465631929,0.7577206682636974,1105.6845887835152,0.5025420612394791,125.85297856614929,3886.969308570864,5.522230389565215,6.206084445020073,0.0013977459342765161,2.6396025606641076,-0.5081791290390536,0.9926833828921362,0.029170115243342513,873.0266666666666,0.6074959313072483,1112.1243527160245,0.4054369116675472,125.76021212121213,3575.470744197426,5.7522477860928305,6.761534902274935,0.0008676232231404956,3.3278568879961172,-0.3723296777680067,0.9770632654045206,0.029197645578079752,854.7270895522388,0.6126087366747338,1103.1832290375905,0.4117333593649687,125.85520895522389,3558.0058265981243,5.746255143963591,6.740477000238904,0.0008914954043216753,3.296678077329686,-0.3777965619372127,0.9781102031209743,0.02827968790174471,891.0778636363638,0.5992863470855256,1111.8636177671601,0.39543410488760494,125.76962121212121,3556.3766074322757,5.760332253569881,6.798363384659,0.0008286888774104681,3.376558999355317,-0.3634254720154404,0.9752780198113722,1
7.105799217637029e-05,1666.9608721359973,0.6534443000041974,2405.0403328472057,0.03449793533400282,183.4118699186992,7953.2004592528465,8.338170115634835,14.280361269296908,3.936116018349855e-05,6.408649497713454,-0.08153560963967954,0.8384191690535765,6.242137281909776e-05,2844.336848484849,0.40900409235846347,2406.3930153388465,0.026751130322895122,184.0930909090909,6781.235212870524,8.280765079025173,14.475919986826543,2.772647439748496e-05,6.783949049699251,-0.05554673194851116,0.7501113061648467,6.209222543996653e-05,2817.1478358208915,0.4127955493712931,2398.7793627965657,0.027489196917624074,184.3361940298507,6777.969615365357,8.288054630758271,14.476408130014367,2.8169356016358244e-05,6.7755305156029735,-0.05557238795435093,0.7502339456739702,6.151790633608614e-05,2961.5087727272735,0.38451171245354965,2405.820575833279,0.025790542813675457,184.1016515151515,6661.7735306058385,8.270893779919682,14.490261763034473,2.6828041363235927e-05,6.812439966446103,-0.053548879963729236,0.7412483088548125,1
6.183164444614867e-05,2029.8010300523235,0.6134712614922796,2625.6793193292997,0.032254958925202,195.46568775169158,8472.916247264875,8.416178898811703,14.472708112174471,3.464131394780968e-05,6.548899500096468,-0.07460874036417518,0.8211287111688854,5.381851715853038e-05,3251.75879678995,0.3821991300673469,2631.7207979526047,0.025275498336379564,195.7631741399631,7275.124395020495,8.35177460366902,14.64622319604203,2.4714646160537383e-05,6.880596512963312,-0.05170901596599074,0.7351326173126091,5.4351172972168864e-05,3142.2839874975834,0.4014370147971065,2624.856585838217,0.025700560779837175,195.73769811633895,7357.1423558553215,8.357335683534107,14.637382589412688,2.5403453037682466e-05,6.856627885533586,-0.05262594601721094,0.7393676634228173,5.403051384112432e-05,3250.194693866105,0.3825274244192827,2631.8534801399237,0.024570488386637536,195.77665693922233,7277.219226693611,8.349431674806796,14.652026821983103,2.4612985018731173e-05,6.880429716718028,-0.050962880640838926,0.7316010192820886,1
8.919260250241391e-05,2079.857229234376,0.5883950428839235,2526.5211136024227,0.031263870007650296,207.75126596629133,8026.227225175346,8.465507769205978,13.713783929628114,3.400607101613601e-05,6.554815368512319,-0.18347816725957,0.9681727616034569,8.391410251118624e-05,3470.617048346056,0.30832086363334177,2508.834563506549,0.020839407373691686,206.76574427480915,6564.721205680144,8.328970409697648,13.784341665852857,2.266420750759351e-05,6.918051590679765,-0.1729230316600011,0.9625012531386323,8.272950532848167e-05,3364.0945159313696,0.330842550476107,2513.6793428250257,0.024319086873892552,207.1665134803921,6690.622855368703,8.344423551726196,13.821212697816453,2.3529419549048136e-05,6.896085304037172,-0.16838750495248467,0.9598095825810276,8.390145675109714e-05,3555.718193384224,0.29135674444269405,2508.8210220725614,0.025795936444634644,206.75493002544528,6479.565894906053,8.323382743667473,13.78884901321718,2.274622861287256e-05,6.935406069497986,-0.1723100055667202,0.9621450736958115,1
6.898637757319655e-05,1897.0514234539933,0.5216477203382924,1982.9020411438141,0.031941322676560066,184.20693501759666,6034.556741121232,8.218303485338563,14.255266138835793,3.5616138004878866e-05,6.501074748637471,-0.06467171284207893,0.7837788474112376,6.583286067605502e-05,2448.2193680965834,0.37489602211487755,1958.2497110156546,0.027338940988014426,183.49987156434614,5384.779475966061,8.157343854840613,14.331859338746977,2.970378861754632e-05,6.682945698454119,-0.052280156972845715,0.7325991019533814,6.558615616256959e-05,2402.1722132013324,0.38577467060952064,1955.448675150783,0.028433508827255392,183.9111503476109,5419.622487401815,8.165012298523632,14.33378730278448,3.01592385770302e-05,6.669415723522903,-0.052182089059460285,0.732162760112206,6.492417863205842e-05,2577.557651554071,0.34184874534370413,1958.1803068202935,0.026754927648796258,183.48155342923184,5255.1635757271215,8.143904405728108,14.344503474409136,2.868293054201188e-05,6.719184699398128,-0.05054042991153094,0.7243498364705502,1
0.00010323834243299784,1365.8754839274784,0.5437906920738134,1496.9833585119231,0.04267081331563144,145.91630025400718,4622.057950120234,8.03079359286357,13.773957255555977,4.765346313112421e-05,6.266057780981052,-0.06974046526338826,0.7939714872508233,9.654893512293484e-05,1683.1754649499305,0.44111956681853476,1505.8457632595382,0.036970178422239305,145.68891273247502,4340.207588088226,8.001069478172923,13.855255095284711,4.190832706981816e-05,6.411669820407844,-0.05877021492394192,0.7535426812206815,9.905202889979692e-05,1627.2673494397736,0.4571797991972705,1498.9008764166729,0.03860175668547086,145.847881652661,4368.336156226898,8.005131085092408,13.833629305512527,4.300741762455355e-05,6.387350763735583,-0.061326796293452696,0.7636917678029047,9.646706873297683e-05,1686.065522174537,0.4401278869329886,1505.7595143810431,0.03714148614194758,145.6905221745351,4336.972535349647,7.99805218542377,13.853796066241012,4.147761325982627e-05,6.41435979244419,-0.05897448137249685,0.7543771333305831,1
0.00010385638476297722,1856.733882783881,0.5519633525135882,2072.078136019203,0.02928745842804068,196.64670329670327,6431.57866129293,8.255979333028012,13.489074032594775,3.6455258446545377e-05,6.474328376335627,-0.17499908464416003,0.961638892946179,0.00010116494082840484,2980.317115384618,0.2531596248406189,1995.283874916784,0.024546170472909204,195.05442307692317,5000.818384282524,8.128906561444946,13.516949684218819,2.5903990006639407e-05,6.811710762589497,-0.1661850503027107,0.9558745815530266,9.942765760457951e-05,2847.271100917432,0.2882018023296877,2000.055008734531,0.02581701408857229,196.37091743119274,5152.948934020693,8.144326369880641,13.551387149080494,2.7033466553085062e-05,6.777294257885553,-0.16242684508173189,0.9533563597826186,9.975961538461782e-05,2914.6552884615407,0.2706970907018315,1998.2474026234213,0.023421119493573252,195.23778846153854,5078.334322032155,8.135233853585625,13.529341294456389,2.5935447018827348e-05,6.79503842437523,-0.16476815828901936,0.9549373740066149,1
0.019401454101127095,1386.7189039718435,0.8292520595,4060.719268153708,0.19880734601080322,142.39663147310205,14856.15816864297,7.852278583162802,11.73008707198028,0.0001586108020407547,5.830560445638555,-0.2790430289705426,0.9887957066411717,0.016713085509940048,2664.8281512605017,0.6689967075269466,4025.3801274158577,0.1655265085048309,138.513550420168,13436.692358402925,7.8322427073440934,11.891185010363255,0.00010690845731675009,6.3385036896255365,-0.23879725150117823,0.979912287862135,0.01609857351103654,2667.5025000000014,0.6648433146828152,3979.4857403419155,0.16798579459979818,140.1463775510204,13250.44046136766,7.855231099932378,11.975283859275752,0.00010978375505974098,6.331189527694365,-0.23573588135423915,0.9794111405758116,0.016228024757697943,2975.146901260501,0.6305085527629709,4026.00239262364,0.16360270641529984,138.52379201680665,13128.862669234059,7.839378612217727,11.924425634607726,0.00010450342820951902,6.4038014941370704,-0.2338448529066347,0.9785066148111372,1
8.542178094347598e-05,1501.1685661764718,0.6187075007489228,1968.5262221588628,0.03923245043687056,168.31371991978614,6372.936322458998,8.223914123982413,14.054073579809,4.2987765568216724e-05,6.33127734810601,-0.08089722836654886,0.8331935581581625,7.46316336240829e-05,2252.081771545826,0.42750242933853977,1966.8919895535919,0.031526482483783695,167.97595759233923,5615.486186668524,8.170333206308056,14.203748408035041,3.332195004947593e-05,6.614686294379567,-0.05999331475100397,0.7645827252769831,7.645163273710796e-05,2118.9473092099734,0.4602915006732493,1963.0479340729435,0.03259917605272892,168.36391570816886,5733.24442708182,8.179682031538054,14.188141634873517,3.454660067669187e-05,6.5737728269581455,-0.06228953227075625,0.7735329938949607,7.648899222622633e-05,2114.1941005471936,0.46278317473854313,1967.7288583787922,0.03086763157745409,168.02002393980848,5756.721332967951,8.179538716546032,14.18518531090568,3.468934916909014e-05,6.570445250016977,-0.06263508855816106,0.7748352363705319,1
8.848525874601876e-05,1429.3397619799293,0.6565154689146976,2080.646481318514,0.04269758300924958,173.28831450494852,6893.246163294079,8.318819253182271,14.125914989361394,4.712247653347624e-05,6.291830379610596,-0.08534163518936753,0.846248595239247,7.429643027801602e-05,2038.398149183629,0.506143922168531,2063.7572773572747,0.03540150102843981,172.68069223887278,6216.630960245471,8.260860945583907,14.281140848217944,3.608763655190358e-05,6.549648156875659,-0.06283299158018227,0.7771975475129171,7.511912108202231e-05,1998.0554077041274,0.519357141976111,2078.523975076747,0.03878481902004602,173.36914233977177,6316.0404926028605,8.27194712812522,14.272862308675592,3.689103563927233e-05,6.5336373197248845,-0.06540289157451912,0.7867870603034391,7.06298217304542e-05,2091.214898792218,0.49355233237175294,2064.591301788022,0.033305237421875744,172.67606519794234,6167.150308359862,8.257911745784119,14.295216803139326,3.5676307271450887e-05,6.56632219237708,-0.06096390255488096,0.770051744784345,1
8.213230592506987e-05,1259.9287870832238,0.724492595627961,2286.5606642314506,0.04311078047308546,178.57047781569966,7886.3138698425755,8.376516326590856,14.110579037691393,5.062812024297756e-05,6.196952444104273,-0.09808751986920206,0.8756170634200985,7.180951538753734e-05,1875.0241317004588,0.5905992619852092,2289.9618364057287,0.033571047226471126,178.02775881683726,7284.82321392242,8.33077959866123,14.293988445085072,3.771692099273774e-05,6.48662624983154,-0.07308509048860594,0.8135488816400724,7.370066094781092e-05,1865.3114093959712,0.590112150224825,2275.3924157780057,0.036265343576882436,178.05298065534933,7236.2582537160415,8.331977354810036,14.2806254054939,3.792593791516195e-05,6.483435969601334,-0.07420605868233651,0.816890085036474,7.214011203714738e-05,1900.7293983805098,0.5850022460789056,2290.047814020085,0.03366440199145057,178.02745098039208,7259.4618576998,8.329752337981567,14.295745630581719,3.764576993791654e-05,6.495012201761048,-0.07285471594289976,0.8128378259643684,1
8.341497011309485e-05,1319.0622698517595,0.7431963482568205,2568.2311386500487,0.041175521479882085,179.3698895288452,8953.862284748451,8.427036382093778,14.12676357821287,4.752077133284241e-05,6.233269328905938,-0.10817332780723407,0.8951045299062421,7.222349867799487e-05,2246.213901078587,0.5632126878310971,2571.2902349713686,0.03273153013524624,178.57570204626197,8038.94703880684,8.370089763059745,14.338609670287699,3.341336736244061e-05,6.6109733232762915,-0.07904476819042693,0.8323042569394576,7.329558730632805e-05,2213.6755080787675,0.566071034102107,2550.734892170867,0.03471955894441549,178.930525751073,7989.264060604666,8.367639066989597,14.33185078227865,3.378057771005412e-05,6.599499024458726,-0.07975316519127215,0.8342215496574902,7.174858886628164e-05,2234.144636800565,0.5655363420930549,2571.1524958884866,0.03181871664480626,178.58343379788147,8050.465346753335,8.366532201618512,14.342653696083392,3.351219722791801e-05,6.606503256792793,-0.07850411964701073,0.8308071611539761,1
6.907078252516893e-05,1777.1155529748075,0.627172530428153,2383.2948186672493,0.0343773094068793,184.4079417545114,7756.063721694176,8.333046065302947,14.30890444174423,3.7493777229443675e-05,6.455318636859971,-0.07803015393538257,0.8289119874885169,6.0988368493187996e-05,2997.3611213010518,0.36970489530348627,2377.744249453015,0.025540324344459187,184.4519748104671,6513.615876510987,8.25898890220909,14.488999947026617,2.6487782986534535e-05,6.821491356692049,-0.05337017369217757,0.7403947894182225,6.120866305203362e-05,2940.562202398897,0.3820365891517727,2379.236497483442,0.027226088699717335,184.75559038032685,6576.383787534913,8.271298267518223,14.492387870207185,2.7131053364530607e-05,6.807036211536877,-0.05334126827399529,0.7403165382188276,6.071233642491477e-05,3066.644564685743,0.35521727273480197,2378.0449095563563,0.025211413290813087,184.42265835167524,6445.535073539671,8.252420706907188,14.500977555022398,2.5957752820722152e-05,6.838077875052809,-0.051755029635596264,0.7329314566067048,1
7.379223619843497e-05,1907.82335329341,0.6070626888399562,2427.643416784582,0.03342259696806258,184.32186594552826,7802.750313844896,8.32516208476633,14.249292931288794,3.62425018550384e-05,6.503639921129018,-0.08573257892301347,0.8490838537753916,6.531298130519207e-05,3032.8219434488224,0.37492962503710997,2425.984389060899,0.02733271451881583,183.69486260453996,6671.115612794754,8.264373480708679,14.400925614433394,2.672457261327724e-05,6.825760132488346,-0.06476273086451273,0.7864985782257218,6.599231223817005e-05,2872.184087791499,0.40908792033160857,2430.297320544987,0.028134150417065778,184.26893983931035,6849.0051943884755,8.278059537681157,14.393245680381533,2.768676016755217e-05,6.788987811171165,-0.06654370098698502,0.7929057654246343,6.614425004690162e-05,2961.377718040618,0.3896311648423794,2425.8919750349596,0.026004734168620144,183.65509757068895,6742.190182099199,8.269056307875369,14.39127549955798,2.6969348248828106e-05,6.809867624833872,-0.06598576928358678,0.7908513762195629,1
0.00014663004962614306,1503.7230911983052,0.5898141478532212,1832.9777627974136,0.03557139580225767,158.50198833510086,5828.187959991359,8.164946892455387,12.997486693743266,4.258139921737957e-05,6.320070137427333,-0.21297197960178413,0.9771695397086011,0.0001423488438009843,2386.595567476003,0.33076800727738076,1783.085382519348,0.030804090854525002,157.5512422360249,4745.7459626013915,8.04280807247331,13.024756335870643,3.325752873395095e-05,6.63127908848496,-0.20481537827759916,0.9740640017834742,0.00014012486044651825,2224.6418529923685,0.36519402698593567,1752.2218973694817,0.030729895549033243,156.27928772258673,4784.2457364855545,8.037017317120922,13.04679581022085,3.427691199989915e-05,6.589883261830911,-0.19919807863013603,0.9717108992307614,0.00014218942744339942,2440.8757763975163,0.3170393526634879,1786.9812747752912,0.02782838837615953,157.46725014116325,4707.049322703657,8.025346335031188,13.023527854525643,3.084391467178086e-05,6.657072906055372,-0.20505182760695348,0.9741569299641045,1
0.00010317340108419468,1364.0600078745815,0.5501104443492655,1515.9943043149342,0.04240092195609402,145.93913308039237,4699.917209385167,8.038936540898248,13.77586200319086,4.72774100127639e-05,6.264044025475334,-0.07080322066639644,0.7976263718260687,9.733524182818637e-05,1685.2678737826802,0.4459738660052008,1520.9281389228654,0.037123039696885934,145.6110431017156,4398.4446819087825,8.00871863473531,13.849761764841041,4.1528152321174824e-05,6.4118494427644865,-0.06047012644143057,0.7605011331831754,9.94177071254173e-05,1630.5320244608947,0.4599176923119272,1509.521790706969,0.03903921232357013,145.62775810892964,4407.555138366981,8.00976930971135,13.828029300083564,4.24388448372294e-05,6.388054979133371,-0.0625754136922372,0.7685528608273203,9.681696136016793e-05,1691.6958031097527,0.444046029656679,1521.4351307402903,0.03632034325449414,145.61793133690225,4394.044719851387,8.00518217827095,13.855814725947997,4.103214801440844e-05,6.4155246353555535,-0.059666941921320354,0.7573017639692531,1
7.684491873349266e-05,1759.491176470588,0.5087706260622149,1790.9059085434683,0.0335048728310421,176.2983142037302,5404.132457703297,8.137026097273864,14.105919374722404,3.696821000792934e-05,6.447293016503489,-0.06625655914778021,0.7871710543617475,7.361118620242156e-05,2190.911378676473,0.37277090811915725,1746.5001281323466,0.028537440067304506,175.15387867647058,4795.08913385294,8.070799536124227,14.164921510734677,3.1678579257846236e-05,6.603580906959319,-0.05418449566547244,0.7386826513159722,7.402807282774414e-05,2162.1095126353794,0.3824934938991691,1750.6775161672067,0.03017345017889233,175.77055956678691,4840.600552033466,8.08234195840189,14.167046752776324,3.202943984215166e-05,6.594171440551137,-0.054712159888749286,0.7411345965534586,7.316429903762908e-05,2316.666911764708,0.3371580961623562,1747.5259925118871,0.027828763273875755,175.17426470588236,4673.437058282878,8.058320172135954,14.180658780863277,3.0579521416792806e-05,6.642678176894921,-0.05211540372924038,0.7292281144840049,1
9.720283215327045e-05,1920.1016326530628,0.5201720124793527,2000.822880897951,0.030225362661904995,201.8302857142858,6083.1898909387455,8.254442708578736,13.595497562199716,3.54454084001879e-05,6.499663595023546,-0.16239982548524254,0.953706835638315,9.25887385824921e-05,3037.0965161290314,0.24060152806815946,1999.6725226500184,0.023165493905109233,201.79225806451615,4961.59357447103,8.137437332324872,13.641970624450519,2.54545957694065e-05,6.8223539908499475,-0.156181203931568,0.9491297559024603,9.240730364559892e-05,2871.497518610423,0.2901630545612138,2022.6458604767322,0.024998740893410358,203.01861042183634,5219.085923296516,8.170707539608376,13.659689631498983,2.6740246477460103e-05,6.784682661079453,-0.15551397900537087,0.94872498053347,9.244814429413496e-05,2844.899956989246,0.28904253114494366,2000.7525637017025,0.023643960546539243,201.82554838709675,5158.110297817555,8.159595968770294,13.641625855913158,2.6591527534309452e-05,6.77760062485522,-0.15641636865521433,0.9493235065157124,1
9.686355054680996e-05,1193.4554485616763,0.7147750412118938,2092.130109567818,0.04514607020308573,168.4550524134569,7175.064989709568,8.298541546522996,13.956748230435231,5.203762055408291e-05,6.160694259590409,-0.09922440968168601,0.875841924594399,8.640408121011275e-05,1721.4175354933247,0.586503709068755,2081.5392704206515,0.03623056986437507,167.37785777736224,6604.739546189299,8.245650831769233,14.103542599101287,4.052893086213078e-05,6.422715666112042,-0.077434688596242,0.823970859173222,8.833766984944664e-05,1764.4343262541752,0.5740569913666711,2071.2093994869147,0.037550785574157905,167.73698323679932,6520.403271693482,8.246713521313598,14.103190833122671,4.061317328588553e-05,6.4360111574967735,-0.07735033317160293,0.8237143053787356,8.661137202320979e-05,1787.799803637386,0.5707238355516816,2082.3422678673132,0.03660197236279462,167.40975891034333,6541.56926783191,8.244095573558287,14.113214022620125,4.04799020344068e-05,6.443975504416888,-0.07620806599366159,0.8204358179909571,1
8.556389924693257e-05,1336.678467458588,0.721018693223988,2395.641634390484,0.04012099945594748,173.65939434498898,8245.888070103349,8.36390060327727,14.072382584174814,4.697835932649597e-05,6.242862445892028,-0.10390671876187121,0.8866346804831121,7.630014033113988e-05,2104.1762932511147,0.5534982207238914,2356.2910506902062,0.033925114952188674,171.9943816375471,7320.987909509728,8.298124486130602,14.234491651102035,3.521309071968241e-05,6.5625068773263076,-0.07863210358746214,0.8295221247071872,7.719798911919075e-05,2054.1699310112754,0.5612883301494858,2341.1389212773875,0.03541114322548984,172.34772000673053,7310.38575409829,8.297019459868768,14.22866361451067,3.559711071894824e-05,6.546529222596692,-0.0792958576734401,0.831345972796763,7.573019546483356e-05,2084.814645426518,0.5575649133790072,2356.068391126989,0.03290687924107763,171.98881466255565,7339.458919081451,8.29462706774141,14.238123622848127,3.5163573550273005e-05,6.556882736368406,-0.07812136598643468,0.8280904750898197,1
7.703579355885856e-05,1445.4751749781253,0.656416041737331,2103.52541237253,0.03903475692573809,171.57547494063235,6968.626474511973,8.316936640151734,14.13488741617449,4.607674326600156e-05,6.301013966229753,-0.08505259681189362,0.8456338476047782,7.068732045134349e-05,1960.2428603302083,0.5204230771245886,2043.721003689162,0.033089304593114696,169.6773602345891,6214.641154426445,8.249390827255663,14.242049908543885,3.6615182590390996e-05,6.521528240876761,-0.06541579719546992,0.7863296712969045,7.046011445557109e-05,1958.6479458690794,0.52223766000673,2049.814083186924,0.035158543651888814,170.20561623927614,6240.608386878637,8.254367387800633,14.24708839552168,3.6607595785245456e-05,6.522536842154382,-0.06564544411842634,0.7872588135531419,6.999611275867414e-05,2084.347612672912,0.4898846462239593,2043.0159543757063,0.03120410028260593,169.6496143303372,6087.716204829914,8.239115276428603,14.263946737920145,3.521166975649999e-05,6.56472950676601,-0.06251555107768558,0.7756781422829749,1
0.00010581726880551073,1415.3906858694368,0.6650307856450325,2112.7175650976924,0.044185915834312195,158.64709007201043,7035.4795745213305,8.308497910579405,13.81011906394234,4.635255495797981e-05,6.279712647768013,-0.11695222166480503,0.9056018725236111,9.257267688727981e-05,2303.579196936077,0.45586663873206923,2116.7413734459496,0.03532912456799278,157.60618863795258,6163.386296847715,8.24108507497408,13.966599598248983,3.351373977251837e-05,6.624495426955499,-0.09445520963762641,0.8657820340091873,9.494476030531606e-05,2198.5886938993317,0.4802202627722265,2114.9234343237686,0.038334116077888856,158.68302009841713,6261.105043395739,8.255573814433074,13.94941987316954,3.61596594732843e-05,6.578239120440896,-0.09811513751295374,0.8734390728740522,9.361994077888912e-05,2332.679108787501,0.4484184942613926,2114.537094263049,0.036383504691720484,157.55548800875408,6125.469268264693,8.237741451068802,13.9613977893817,3.457903106954037e-05,6.621160430662552,-0.09499579145319857,0.8669050667924267,1
0.0008681058545450762,1162.0240186029432,0.688008067776753,1862.2661334900272,0.06892993532727468,124.84964660526876,6287.040515357168,8.03752608129961,13.021218763338114,5.987093303890682e-05,6.108481383538672,-0.1341096456594726,0.9198646173634709,0.0007946320849752278,1855.9951370468607,0.494834098228094,1837.0154542664277,0.06044202946726684,122.77731463938355,5492.066680018859,7.980311427961,13.142916539599579,4.6704122995964344e-05,6.422002425362267,-0.10986744167641413,0.884879568313038,0.00078798224785208,1837.8942924063138,0.5029136668213633,1848.6670923477554,0.06301158485749137,124.22596153846159,5556.77407698471,7.993657345901576,13.147673703979292,4.8275043410304046e-05,6.4078681578915155,-0.11387923468511259,0.8919607576883983,0.0007676318656509829,1894.8714159403808,0.4845903825748126,1838.2189154778653,0.0586665436197433,122.81691297208533,5458.004245971082,7.974181330721639,13.13347289985672,4.6124545362454016e-05,6.436309510475597,-0.11133054243073524,0.8873559736375736,1
8.709286567765914e-05,1853.5641178728304,0.628683972005525,2495.938739682404,0.032544040469047825,201.7487739349225,8130.190840856798,8.35166723953875,13.912658262878447,3.828528990151545e-05,6.4687049401762575,-0.13197571555602813,0.9273424307470856,8.053052050994728e-05,2915.46816529219,0.3995163019137228,2427.599762144846,0.02773227246361495,199.24062250598575,6794.930883287205,8.273924348689775,14.009746024523375,2.8389103960115217e-05,6.7849596686820295,-0.11412950975303816,0.9036190176020079,8.000590052586296e-05,2945.8106884057947,0.39707486165039513,2442.9323816795877,0.027997543442844372,200.36969461697714,6825.918838312544,8.278149843005075,14.02263845138733,2.8232256509224065e-05,6.79198452881295,-0.11436240537078433,0.9041488312677675,7.9846400817593e-05,3076.8872483816644,0.3683211873366967,2435.4839727873805,0.026298539473562983,199.34650172918344,6665.048642767855,8.265138615559714,14.021622774536919,2.6767867455880018e-05,6.828409451191469,-0.11287005958639906,0.9017306405396124,1
7.643557341238857e-05,1975.879532775452,0.6856524739065494,3142.8265991634653,0.03564361833871711,195.67925383542536,10595.426863878398,8.530595714137286,14.142981882230124,3.689599765426998e-05,6.515822864444956,-0.13577573554753014,0.934110709135639,6.893733261290211e-05,3282.025650354736,0.4789381197782039,3149.3626524336087,0.02810789121531939,194.2348553756593,9315.42495937967,8.481423060907197,14.27987107331875,2.598494699853785e-05,6.86950472390041,-0.11619722319976009,0.9100743223616017,6.889510767324892e-05,3124.7598717034925,0.5037152000010655,3148.1518995848874,0.027386423917727373,195.240484675695,9467.84772663605,8.49254201064532,14.28012546280782,2.695633040390669e-05,6.835386553357768,-0.11722658976132559,0.9116274422807376,6.877451040902344e-05,3340.4810987811506,0.46987990281844366,3150.683323025458,0.028243803047741618,194.33243587411297,9262.252193320674,8.474884468469593,14.28168123789507,2.5306324653751844e-05,6.885394007225969,-0.11606960700954445,0.909901368362327,1
7.433043404334228e-05,1674.7560380289137,0.6292466358222909,2258.5850862652933,0.03451056134947282,179.59854575247067,7359.584307032252,8.291994535390849,14.20320106450618,3.888416071003306e-05,6.411635516068172,-0.08254227193990718,0.8400028501796509,6.694556863396156e-05,2747.0080798145163,0.3902618546013221,2252.61294585596,0.02776937072867519,179.11965151408708,6263.443703609311,8.224862003430808,14.368543071263037,2.8291468852029474e-05,6.759130645323676,-0.05932345540053686,0.7645736110162741,6.72052978168015e-05,2687.191237541528,0.402673109655948,2249.3472845276956,0.027802466273996327,179.47338732004437,6310.197900569223,8.23584753766269,14.365467834977402,2.9212444864858138e-05,6.739910699764005,-0.05997529992866838,0.7672078660892174,6.603249571329938e-05,2783.084592145016,0.38213130269218776,2252.165067004973,0.02627317974371554,179.11195812548314,6225.575675874854,8.220702681641757,14.372115770382308,2.795922283311117e-05,6.768194284988532,-0.05879234478296531,0.7624196040070854,1
9.279621327071383e-05,1608.1899913275306,0.734482689200129,3028.408932138638,0.04117666045267692,176.78138952237168,10505.445737227037,8.492945715007073,13.971887915567923,4.360754891526599e-05,6.361174397898017,-0.14203670538784424,0.9390958812571758,8.287968774978741e-05,2638.0134535091784,0.5596236438165731,2995.1806182010023,0.03242666035543297,175.03784213665583,9342.709019294838,8.444563246832487,14.114459506195686,3.16906710423731e-05,6.706190502522546,-0.12013628463155841,0.9139829207808877,8.194275808809762e-05,2656.7169659002857,0.5594391365072703,3015.1531673036743,0.03512804099371908,176.79052570395243,9403.895703314447,8.455950836922593,14.13300643381952,3.227880227748463e-05,6.702688975745994,-0.12046706222416426,0.9146701883361392,8.230596062057682e-05,2845.817880575254,0.5249852745008005,2995.5049052263976,0.03387689137207388,175.09026443104244,9136.201740330373,8.441808781054329,14.13034687123211,3.09985955358509e-05,6.749385493290891,-0.11811386710945672,0.9112097166527182,1
0.0001003053811916891,1450.794264028866,0.6749801231840151,2231.854676460678,0.04343076004395051,159.48824188129902,7476.624441813827,8.334502804783654,13.837199420774187,4.6580078660537934e-05,6.29545202249728,-0.12062461200335008,0.9114416320794005,8.970271887507941e-05,2388.7477249423187,0.4610412514058231,2216.076583943697,0.033953266082637754,158.12218021020243,6475.558610832439,8.262156777194122,13.971817245939803,3.353319553202967e-05,6.645497749346864,-0.09999497842475352,0.877622691700858,9.179747654441815e-05,2272.53848554841,0.4859654693536287,2210.492048745058,0.03728558480868831,159.2088145327423,6569.42970943181,8.27643545894921,13.963418594519531,3.614337933490541e-05,6.598658672462038,-0.10253170541888647,0.8825425898634505,9.027564987871115e-05,2436.631408613173,0.45038842506632204,2216.684946006818,0.03645806699722795,158.1655024352729,6430.108375414067,8.261087656124127,13.971780374531253,3.4087561752077764e-05,6.651022432398065,-0.10006676922381683,0.87776759001942,1
0.0006275217933662981,1170.1532821229061,0.7202936595576553,2091.753229963171,0.07167702968458686,123.8888268156424,7196.859637729787,8.118572313847281,13.003976182498082,5.9798798338799886e-05,6.09956093022175,-0.14898126300633116,0.9363320455634067,0.0005485453552438075,1914.943809695441,0.5355918785067474,2061.70361915523,0.0613641901423438,121.41582267075154,6331.870666925473,8.065315181059477,13.126003999415909,4.614424245495484e-05,6.427461391317344,-0.1236703442604015,0.9070650667736254,0.0005639856334670407,1917.918583450211,0.5350336095279,2062.427115971615,0.06531302848520433,122.74803646563814,6331.789880436254,8.071766933548545,13.131828928216379,4.7742256210776504e-05,6.417095506347568,-0.12705707043238718,0.9119456064923747,0.0005369654989066409,1969.9955307262576,0.5218324666025467,2059.942795288852,0.06133906927768506,121.4052982519373,6269.775650429161,8.056236631178173,13.12553178884749,4.557031189608708e-05,6.44608450775831,-0.12361116238432629,0.9069727167957445,1
8.022061973323374e-05,1983.0161844484655,0.6546671218220088,2871.1662134677954,0.03229914898170262,213.27766726943946,9501.648669422728,8.455907364884506,14.001500335685083,3.6117233225922136e-05,6.5212831672410285,-0.14350945065383192,0.9408573500316911,7.430837580327154e-05,3335.1941865916556,0.39746840374314724,2767.650864544803,0.02679585195185852,209.27407407407404,7735.409271587589,8.365867236486604,14.10174336726239,2.534843362349032e-05,6.883037606051187,-0.12376345634653448,0.9189072313621842,7.363388162230343e-05,3290.688888888889,0.4005080799245636,2744.564837900396,0.027257397187724533,209.805907748239,7687.570462712698,8.36284230296253,14.114244749367023,2.5724041069835026e-05,6.872560038633411,-0.12193552896734533,0.9165313886241787,7.336655318638494e-05,3426.2006563525565,0.3811236661409318,2768.0818193419364,0.02628385203800747,209.3284575714955,7646.1266210152025,8.3574955819653,14.11416848783352,2.4539707329231523e-05,6.905932165954816,-0.12222197799441427,0.9169297187985094,1
6.4335835926781e-05,2166.2910067873263,0.6580020013608596,3167.1106489033064,0.03229067047773415,201.35073529411747,10502.15158882588,8.55378056022797,14.358921643962804,3.3735460883674034e-05,6.587979503182506,-0.11568182042608063,0.9102075195149737,5.630499388147533e-05,3692.0485613623036,0.4202564556906754,3184.2084294019733,0.02475550044097204,201.57974163241323,9044.785156245664,8.496360071229722,14.517487542572239,2.2657012867636962e-05,6.9634454647277995,-0.09538506027100188,0.8754368960585355,5.648554994498602e-05,3506.0034279130077,0.45359466178829333,3208.2441209190692,0.026516233776568962,202.6101397090594,9326.973055763294,8.512344204881291,14.51239244567767,2.3662273895809826e-05,6.926697822680272,-0.09742783120099474,0.879656380995733,5.550548253591353e-05,3715.5046388725796,0.41676188256301544,3185.2381795622223,0.025084006310021355,201.62325308279492,9025.448079376365,8.494049883832426,14.52395678336412,2.2370853533947565e-05,6.970472504658916,-0.09460828222068603,0.8738534574450059,1
8.333964527238663e-05,1706.086465241957,0.7234879697056527,3085.013088627362,0.04050932855223183,184.44482655094316,10633.9658892675,8.539444403833464,14.120992671150635,4.180427947512512e-05,6.404757263419873,-0.13241759029136987,0.9300513635450224,7.275578997831907e-05,2874.8326311650376,0.5368461027694148,3103.539286136869,0.0313264412454446,184.1785473542299,9539.324513382446,8.499747645760566,14.298090741187895,2.9451955646607824e-05,6.771055331021973,-0.10906084929182576,0.8987855115180675,7.280295125033424e-05,2825.6242321193463,0.5450052437815924,3105.1173595976306,0.03336574620931665,185.43204256252733,9594.845206271144,8.508095256463386,14.2996264851678,3.023683895257952e-05,6.754183021349642,-0.11043163531282438,0.9011215497086181,7.235741340340965e-05,2964.19621390855,0.5223838271819017,3103.1154121297623,0.03357440851483605,184.2130097741827,9448.265434610505,8.498833504369601,14.300381164192629,2.9157733838343816e-05,6.788837039141542,-0.10882047211606587,0.8984019133661522,1
0.0075399745370247,788.0988339208919,0.8762181765320791,3183.4190668759034,0.17807003646703634,118.06127145236893,11945.577433582728,7.824170760754914,12.071762195352902,0.00016676610222217769,5.478149275660513,-0.21583148614225453,0.9726774325588737,0.007193592287497894,1153.6513190014964,0.8148009887985164,3114.6260218052907,0.1616323159947767,116.1595322466336,11304.852768219664,7.816674063992812,12.238031041316317,0.00013600149595379698,5.745483468309885,-0.1833892086897229,0.9568126244059573,0.00747411343501336,1055.606232492996,0.8298640443187401,3102.243227382803,0.17267100566472132,115.83338779956425,11353.366677038219,7.814536546179312,12.159538620617948,0.0001483278693642912,5.660548851531172,-0.19508920875371574,0.9632344462612645,0.007105214646579698,1153.0828411685961,0.8148708595667332,3114.2661778420306,0.16199928999798618,116.1488148673124,11303.981870199521,7.816660044016643,12.23789200443061,0.00013665055224558394,5.7418867246966485,-0.18335942688200246,0.9567918705518896,1
7.6339108005164e-05,1975.721860465117,0.6426411959371581,2764.339143184632,0.033591171886888135,189.5936808340016,9081.634712273437,8.429739879612463,14.130200288905542,3.6862705893477663e-05,6.515396113647304,-0.11903594516204809,0.9125679417979516,7.11228352887919e-05,2885.3441528239223,0.47616904757714035,2754.079478769265,0.02825242579714545,188.23318936877072,8130.973762253176,8.383304647927481,14.224474573923548,2.831963963861811e-05,6.781312565548881,-0.10436460161020768,0.8894806690555264,7.083245488277528e-05,2811.8497077922093,0.5011223555374765,2818.1756979926467,0.028573742952591,190.22905844155844,8460.853084178401,8.408476084953682,14.23402140825532,2.9265139601165912e-05,6.758768323337909,-0.10682814349500151,0.8940867767881513,7.025143210339643e-05,2957.0191694352175,0.46312149909095973,2753.8997784679414,0.028164664630347204,188.23657807308965,8058.579944436606,8.383529553946294,14.234651445871425,2.802308696535845e-05,6.796871657235574,-0.10301383923075026,0.8870740605484762,1
